{
    "output": {
        "blocklist": [],
        "compressor#1": {
            "attack": 35.0,
            "boost-amount": 1.0,
            "boost-threshold": -60.0,
            "bypass": false,
            "dry": -100.0,
            "hpf-frequency": 150.0,
            "hpf-mode": "12 dB/oct",
            "input-gain": 0.0,
            "knee": -8.0,
            "lpf-frequency": 6000.0,
            "lpf-mode": "12 dB/oct",
            "makeup": 0.0,
            "mode": "Downward",
            "output-gain": 0.0,
            "ratio": 1.7,
            "release": 300.0,
            "release-threshold": -100.0,
            "sidechain": {
                "lookahead": 3.0,
                "mode": "RMS",
                "preamp": 0.0,
                "reactivity": 80.0,
                "source": "Middle",
                "stereo-split-source": "Left/Right",
                "type": "Feed-forward"
            },
            "stereo-split": false,
            "threshold": -22.0,
            "wet": 0.0
        },
        "compressor#2": {
            "attack": 100.0,
            "boost-amount": 5.999999046325684,
            "boost-threshold": -60.0,
            "bypass": false,
            "dry": 0.0,
            "hpf-frequency": 100.0,
            "hpf-mode": "12 dB/oct",
            "input-gain": 0.0,
            "knee": -12.0,
            "lpf-frequency": 10000.0,
            "lpf-mode": "12 dB/oct",
            "makeup": 0.0,
            "mode": "Downward",
            "output-gain": -2.0,
            "ratio": 2.35,
            "release": 400.0,
            "release-threshold": -100.0,
            "sidechain": {
                "lookahead": 3.0,
                "mode": "RMS",
                "preamp": 0.0,
                "reactivity": 80.0,
                "source": "Middle",
                "stereo-split-source": "Left/Right",
                "type": "Feed-forward"
            },
            "stereo-split": false,
            "threshold": -27.0,
            "wet": -6.0
        },
        "deesser#0": {
            "bypass": false,
            "detection": "RMS",
            "f1-freq": 8000.0,
            "f1-level": 0.0,
            "f2-freq": 6800.0,
            "f2-level": 4.5,
            "f2-q": 4.0,
            "input-gain": 0.0,
            "laxity": 10,
            "makeup": 0.0,
            "mode": "Wide",
            "output-gain": 0.0,
            "ratio": 1.0,
            "sc-listen": false,
            "threshold": -26.0
        },
        "expander#0": {
            "attack": 45.0,
            "bypass": false,
            "dry": -100.0,
            "hpf-frequency": 120.0,
            "hpf-mode": "12 dB/oct",
            "input-gain": 0.0,
            "knee": -6.0,
            "lpf-frequency": 20000.0,
            "lpf-mode": "12 dB/oct",
            "makeup": 0.0,
            "mode": "Downward",
            "output-gain": 0.0,
            "ratio": 1.7999999523162842,
            "release": 250.0,
            "release-threshold": -100.0,
            "sidechain": {
                "lookahead": 3.0,
                "mode": "Peak",
                "preamp": 0.0,
                "reactivity": 120.0,
                "source": "Middle",
                "stereo-split-source": "Left/Right",
                "type": "Internal"
            },
            "stereo-split": false,
            "threshold": -50.0,
            "wet": 0.0
        },
        "filter#0": {
            "balance": 0.0,
            "bypass": false,
            "equal-mode": "IIR",
            "frequency": 18.0,
            "gain": 0.0,
            "input-gain": 0.0,
            "mode": "APO (DR)",
            "output-gain": 0.0,
            "quality": 0.7,
            "slope": "x4",
            "type": "High-pass",
            "width": 4.0
        },
        "level_meter#0": {
            "bypass": false
        },
        "limiter#0": {
            "alr": false,
            "alr-attack": 3.0,
            "alr-knee": 0.0,
            "alr-release": 50.0,
            "attack": 3.0,
            "bypass": false,
            "dithering": "24bit",
            "external-sidechain": false,
            "gain-boost": false,
            "input-gain": 0.0,
            "lookahead": 5.0,
            "mode": "Herm Thin",
            "output-gain": 0.0,
            "oversampling": "Full x8(3L)",
            "release": 20.0,
            "sidechain-preamp": 0.0,
            "stereo-link": 100.0,
            "threshold": -1.5
        },
        "multiband_compressor#0": {
            "band0": {
                "attack-threshold": -30.0,
                "attack-time": 150.0,
                "boost-amount": 5.999999046325684,
                "boost-threshold": -72.0,
                "compression-mode": "Downward",
                "compressor-enable": true,
                "external-sidechain": false,
                "knee": -6.0,
                "makeup": 0.0,
                "mute": false,
                "ratio": 1.0,
                "release-threshold": -100.0,
                "release-time": 400.0,
                "sidechain-custom-highcut-filter": true,
                "sidechain-custom-lowcut-filter": true,
                "sidechain-highcut-frequency": 120.0,
                "sidechain-lookahead": 3.0,
                "sidechain-lowcut-frequency": 20.0,
                "sidechain-mode": "RMS",
                "sidechain-preamp": 0.0,
                "sidechain-reactivity": 10.0,
                "sidechain-source": "Middle",
                "solo": false,
                "stereo-split-source": "Left/Right"
            },
            "band1": {
                "attack-threshold": -30.0,
                "attack-time": 100.0,
                "boost-amount": 5.999999046325684,
                "boost-threshold": -72.0,
                "compression-mode": "Downward",
                "compressor-enable": true,
                "enable-band": true,
                "external-sidechain": false,
                "knee": -8.0,
                "makeup": 0.0,
                "mute": false,
                "ratio": 1.100000023841858,
                "release-threshold": -35.0,
                "release-time": 300.0,
                "sidechain-custom-highcut-filter": true,
                "sidechain-custom-lowcut-filter": true,
                "sidechain-highcut-frequency": 250.0,
                "sidechain-lookahead": 3.0,
                "sidechain-lowcut-frequency": 120.0,
                "sidechain-mode": "RMS",
                "sidechain-preamp": 0.0,
                "sidechain-reactivity": 10.0,
                "sidechain-source": "Middle",
                "solo": false,
                "split-frequency": 120.0,
                "stereo-split-source": "Left/Right"
            },
            "band2": {
                "attack-threshold": -30.0,
                "attack-time": 30.0,
                "boost-amount": 5.999999046325684,
                "boost-threshold": -72.0,
                "compression-mode": "Upward",
                "compressor-enable": true,
                "enable-band": true,
                "external-sidechain": false,
                "knee": -8.0,
                "makeup": 1.5,
                "mute": false,
                "ratio": 2.5,
                "release-threshold": -35.0,
                "release-time": 400.0,
                "sidechain-custom-highcut-filter": true,
                "sidechain-custom-lowcut-filter": true,
                "sidechain-highcut-frequency": 3500.0,
                "sidechain-lookahead": 3.0,
                "sidechain-lowcut-frequency": 300.0,
                "sidechain-mode": "RMS",
                "sidechain-preamp": 0.0,
                "sidechain-reactivity": 80.0,
                "sidechain-source": "Middle",
                "solo": false,
                "split-frequency": 250.0,
                "stereo-split-source": "Left/Right"
            },
            "band3": {
                "attack-threshold": -30.0,
                "attack-time": 10.0,
                "boost-amount": 5.999999046325684,
                "boost-threshold": -72.0,
                "compression-mode": "Downward",
                "compressor-enable": true,
                "enable-band": true,
                "external-sidechain": false,
                "knee": -3.999999761581421,
                "makeup": 0.0,
                "mute": false,
                "ratio": 1.100000023841858,
                "release-threshold": -100.0,
                "release-time": 80.0,
                "sidechain-custom-highcut-filter": true,
                "sidechain-custom-lowcut-filter": true,
                "sidechain-highcut-frequency": 8000.0,
                "sidechain-lookahead": 3.0,
                "sidechain-lowcut-frequency": 3500.0,
                "sidechain-mode": "RMS",
                "sidechain-preamp": 0.0,
                "sidechain-reactivity": 80.0,
                "sidechain-source": "Middle",
                "solo": false,
                "split-frequency": 3500.0,
                "stereo-split-source": "Left/Right"
            },
            "band4": {
                "attack-threshold": -34.0,
                "attack-time": 8.0,
                "boost-amount": 5.999999046325684,
                "boost-threshold": -72.0,
                "compression-mode": "Downward",
                "compressor-enable": true,
                "enable-band": true,
                "external-sidechain": false,
                "knee": -3.999999761581421,
                "makeup": 0.0,
                "mute": false,
                "ratio": 1.100000023841858,
                "release-threshold": -100.0,
                "release-time": 60.0,
                "sidechain-custom-highcut-filter": true,
                "sidechain-custom-lowcut-filter": true,
                "sidechain-highcut-frequency": 20000.0,
                "sidechain-lookahead": 3.0,
                "sidechain-lowcut-frequency": 8000.0,
                "sidechain-mode": "Peak",
                "sidechain-preamp": 0.0,
                "sidechain-reactivity": 80.0,
                "sidechain-source": "Middle",
                "solo": false,
                "split-frequency": 8000.0,
                "stereo-split-source": "Left/Right"
            },
            "band5": {
                "attack-threshold": -30.0,
                "attack-time": 50.0,
                "boost-amount": 5.999999046325684,
                "boost-threshold": -72.0,
                "compression-mode": "Downward",
                "compressor-enable": true,
                "enable-band": false,
                "external-sidechain": false,
                "knee": -6.0,
                "makeup": 0.0,
                "mute": false,
                "ratio": 1.0,
                "release-threshold": -100.0,
                "release-time": 200.0,
                "sidechain-custom-highcut-filter": true,
                "sidechain-custom-lowcut-filter": true,
                "sidechain-highcut-frequency": 8000.0,
                "sidechain-lookahead": 3.0,
                "sidechain-lowcut-frequency": 6000.0,
                "sidechain-mode": "RMS",
                "sidechain-preamp": 0.0,
                "sidechain-reactivity": 80.0,
                "sidechain-source": "Middle",
                "solo": false,
                "split-frequency": 20000.0,
                "stereo-split-source": "Left/Right"
            },
            "band6": {
                "attack-threshold": -30.0,
                "attack-time": 50.0,
                "boost-amount": 5.999999046325684,
                "boost-threshold": -72.0,
                "compression-mode": "Downward",
                "compressor-enable": true,
                "enable-band": false,
                "external-sidechain": false,
                "knee": -6.0,
                "makeup": 0.0,
                "mute": false,
                "ratio": 1.0,
                "release-threshold": -100.0,
                "release-time": 200.0,
                "sidechain-custom-highcut-filter": true,
                "sidechain-custom-lowcut-filter": true,
                "sidechain-highcut-frequency": 10500.0,
                "sidechain-lookahead": 3.0,
                "sidechain-lowcut-frequency": 8000.0,
                "sidechain-mode": "RMS",
                "sidechain-preamp": 0.0,
                "sidechain-reactivity": 80.0,
                "sidechain-source": "Middle",
                "solo": false,
                "split-frequency": 8000.0,
                "stereo-split-source": "Left/Right"
            },
            "band7": {
                "attack-threshold": -50.0,
                "attack-time": 50.0,
                "boost-amount": 5.999999046325684,
                "boost-threshold": -72.0,
                "compression-mode": "Downward",
                "compressor-enable": true,
                "enable-band": false,
                "external-sidechain": false,
                "knee": -6.0,
                "makeup": 0.0,
                "mute": false,
                "ratio": 1.0,
                "release-threshold": -100.0,
                "release-time": 200.0,
                "sidechain-custom-highcut-filter": true,
                "sidechain-custom-lowcut-filter": true,
                "sidechain-highcut-frequency": 20000.0,
                "sidechain-lookahead": 3.0,
                "sidechain-lowcut-frequency": 10500.0,
                "sidechain-mode": "RMS",
                "sidechain-preamp": 0.0,
                "sidechain-reactivity": 80.0,
                "sidechain-source": "Middle",
                "solo": false,
                "split-frequency": 10500.0,
                "stereo-split-source": "Left/Right"
            },
            "bypass": false,
            "compressor-mode": "Modern",
            "dry": 0.0,
            "envelope-boost": "None",
            "input-gain": 0.0,
            "output-gain": 0.0,
            "stereo-split": false,
            "wet": -6.0
        },
        "plugins_order": [
            "expander#0",
            "filter#0",
            "multiband_compressor#0",
            "compressor#1",
            "compressor#2",
            "deesser#0",
            "stereo_tools#0",
            "limiter#0",
            "level_meter#0"
        ],
        "stereo_tools#0": {
            "balance-in": 0.0,
            "balance-out": 0.0,
            "bypass": false,
            "delay": 0.0,
            "input-gain": 0.0,
            "middle-level": 1.0,
            "middle-panorama": 0.0,
            "mode": "LR > LR (Stereo Default)",
            "mutel": false,
            "muter": false,
            "output-gain": -1.0,
            "phasel": false,
            "phaser": false,
            "sc-level": 1.0,
            "side-balance": 0.0,
            "side-level": 0.9,
            "softclip": false,
            "stereo-base": 0.0,
            "stereo-phase": 0.0
        }
    }
}
