{
    "output": {
        "blocklist": [],
        "filter#0": {
            "balance": 0.0,
            "bypass": false,
            "equal-mode": "FIR",
            "frequency": 18.0,
            "gain": 0.0,
            "input-gain": 0.0,
            "mode": "BWC (BT)",
            "output-gain": 0.0,
            "quality": 0.8999999761581421,
            "slope": "x6",
            "type": "High-pass",
            "width": 4.0
        },
        "level_meter#0": {
            "bypass": false
        },
        "limiter#0": {
            "alr": false,
            "alr-attack": 3.0,
            "alr-knee": 0.0,
            "alr-release": 50.0,
            "attack": 0.25,
            "bypass": false,
            "dithering": "24bit",
            "external-sidechain": false,
            "gain-boost": false,
            "input-gain": 0.0,
            "lookahead": 8.0,
            "mode": "Herm Thin",
            "output-gain": -0.6,
            "oversampling": "Full x8(3L)",
            "release": 16.0,
            "sidechain-preamp": 0.0,
            "stereo-link": 100.0,
            "threshold": -2.000000238418579
        },
        "multiband_compressor#0": {
            "band0": {
                "attack-threshold": -40.0,
                "attack-time": 100.0,
                "boost-amount": 5.999999046325684,
                "boost-threshold": -72.0,
                "compression-mode": "Upward",
                "compressor-enable": true,
                "external-sidechain": false,
                "knee": 0.0,
                "makeup": 0.0,
                "mute": false,
                "ratio": 1.149999976158142,
                "release-threshold": -100.0,
                "release-time": 300.0,
                "sidechain-custom-highcut-filter": true,
                "sidechain-custom-lowcut-filter": true,
                "sidechain-highcut-frequency": 100.0,
                "sidechain-lookahead": 0.0,
                "sidechain-lowcut-frequency": 18.0,
                "sidechain-mode": "RMS",
                "sidechain-preamp": 0.0,
                "sidechain-reactivity": 10.0,
                "sidechain-source": "Middle",
                "solo": false,
                "stereo-split-source": "Left/Right"
            },
            "band1": {
                "attack-threshold": -20.0,
                "attack-time": 60.0,
                "boost-amount": 5.999999046325684,
                "boost-threshold": -72.0,
                "compression-mode": "Downward",
                "compressor-enable": true,
                "enable-band": true,
                "external-sidechain": false,
                "knee": -12.0,
                "makeup": 0.0,
                "mute": false,
                "ratio": 1.850000023841858,
                "release-threshold": -100.0,
                "release-time": 200.0,
                "sidechain-custom-highcut-filter": true,
                "sidechain-custom-lowcut-filter": true,
                "sidechain-highcut-frequency": 200.0,
                "sidechain-lookahead": 0.0,
                "sidechain-lowcut-frequency": 100.0,
                "sidechain-mode": "RMS",
                "sidechain-preamp": 0.0,
                "sidechain-reactivity": 10.0,
                "sidechain-source": "Middle",
                "solo": false,
                "split-frequency": 100.0,
                "stereo-split-source": "Left/Right"
            },
            "band2": {
                "attack-threshold": -18.0,
                "attack-time": 40.0,
                "boost-amount": 5.999999046325684,
                "boost-threshold": -72.0,
                "compression-mode": "Downward",
                "compressor-enable": true,
                "enable-band": true,
                "external-sidechain": false,
                "knee": -8.0,
                "makeup": 0.0,
                "mute": false,
                "ratio": 1.649999976158142,
                "release-threshold": -100.0,
                "release-time": 160.0,
                "sidechain-custom-highcut-filter": true,
                "sidechain-custom-lowcut-filter": true,
                "sidechain-highcut-frequency": 400.0,
                "sidechain-lookahead": 0.0,
                "sidechain-lowcut-frequency": 200.0,
                "sidechain-mode": "RMS",
                "sidechain-preamp": 0.0,
                "sidechain-reactivity": 10.0,
                "sidechain-source": "Middle",
                "solo": false,
                "split-frequency": 200.0,
                "stereo-split-source": "Left/Right"
            },
            "band3": {
                "attack-threshold": -16.0,
                "attack-time": 30.0,
                "boost-amount": 5.999999046325684,
                "boost-threshold": -72.0,
                "compression-mode": "Downward",
                "compressor-enable": true,
                "enable-band": true,
                "external-sidechain": false,
                "knee": -6.0,
                "makeup": 0.0,
                "mute": false,
                "ratio": 1.5499999523162842,
                "release-threshold": -100.0,
                "release-time": 140.0,
                "sidechain-custom-highcut-filter": true,
                "sidechain-custom-lowcut-filter": true,
                "sidechain-highcut-frequency": 800.0,
                "sidechain-lookahead": 0.0,
                "sidechain-lowcut-frequency": 400.0,
                "sidechain-mode": "RMS",
                "sidechain-preamp": 0.0,
                "sidechain-reactivity": 10.0,
                "sidechain-source": "Middle",
                "solo": false,
                "split-frequency": 400.0,
                "stereo-split-source": "Left/Right"
            },
            "band4": {
                "attack-threshold": -15.0,
                "attack-time": 25.0,
                "boost-amount": 5.999999046325684,
                "boost-threshold": -72.0,
                "compression-mode": "Downward",
                "compressor-enable": true,
                "enable-band": true,
                "external-sidechain": false,
                "knee": -3.999999761581421,
                "makeup": 0.0,
                "mute": false,
                "ratio": 1.4500000476837158,
                "release-threshold": -100.0,
                "release-time": 120.0,
                "sidechain-custom-highcut-filter": true,
                "sidechain-custom-lowcut-filter": true,
                "sidechain-highcut-frequency": 1600.0,
                "sidechain-lookahead": 0.0,
                "sidechain-lowcut-frequency": 800.0,
                "sidechain-mode": "RMS",
                "sidechain-preamp": 0.0,
                "sidechain-reactivity": 10.0,
                "sidechain-source": "Middle",
                "solo": false,
                "split-frequency": 800.0,
                "stereo-split-source": "Left/Right"
            },
            "band5": {
                "attack-threshold": -14.0,
                "attack-time": 20.0,
                "boost-amount": 5.999999046325684,
                "boost-threshold": -72.0,
                "compression-mode": "Downward",
                "compressor-enable": true,
                "enable-band": true,
                "external-sidechain": false,
                "knee": -3.0,
                "makeup": 0.0,
                "mute": false,
                "ratio": 1.350000023841858,
                "release-threshold": -100.0,
                "release-time": 100.0,
                "sidechain-custom-highcut-filter": true,
                "sidechain-custom-lowcut-filter": true,
                "sidechain-highcut-frequency": 3200.0,
                "sidechain-lookahead": 0.0,
                "sidechain-lowcut-frequency": 1600.0,
                "sidechain-mode": "RMS",
                "sidechain-preamp": 0.0,
                "sidechain-reactivity": 10.0,
                "sidechain-source": "Middle",
                "solo": false,
                "split-frequency": 1600.0,
                "stereo-split-source": "Left/Right"
            },
            "band6": {
                "attack-threshold": -28.0,
                "attack-time": 10.0,
                "boost-amount": 5.999999046325684,
                "boost-threshold": -72.0,
                "compression-mode": "Upward",
                "compressor-enable": true,
                "enable-band": true,
                "external-sidechain": false,
                "knee": -3.999999761581421,
                "makeup": 0.0,
                "mute": false,
                "ratio": 1.059999942779541,
                "release-threshold": -100.0,
                "release-time": 80.0,
                "sidechain-custom-highcut-filter": true,
                "sidechain-custom-lowcut-filter": true,
                "sidechain-highcut-frequency": 8000.0,
                "sidechain-lookahead": 0.0,
                "sidechain-lowcut-frequency": 3200.0,
                "sidechain-mode": "RMS",
                "sidechain-preamp": 0.0,
                "sidechain-reactivity": 10.0,
                "sidechain-source": "Middle",
                "solo": false,
                "split-frequency": 3200.0,
                "stereo-split-source": "Left/Right"
            },
            "band7": {
                "attack-threshold": -34.0,
                "attack-time": 5.0,
                "boost-amount": 5.999999046325684,
                "boost-threshold": -72.0,
                "compression-mode": "Upward",
                "compressor-enable": true,
                "enable-band": true,
                "external-sidechain": false,
                "knee": 0.0,
                "makeup": 0.0,
                "mute": false,
                "ratio": 1.0399999618530273,
                "release-threshold": -100.0,
                "release-time": 60.0,
                "sidechain-custom-highcut-filter": true,
                "sidechain-custom-lowcut-filter": true,
                "sidechain-highcut-frequency": 20000.0,
                "sidechain-lookahead": 0.0,
                "sidechain-lowcut-frequency": 8000.0,
                "sidechain-mode": "RMS",
                "sidechain-preamp": 0.0,
                "sidechain-reactivity": 10.0,
                "sidechain-source": "Middle",
                "solo": false,
                "split-frequency": 8000.0,
                "stereo-split-source": "Left/Right"
            },
            "bypass": false,
            "compressor-mode": "Modern",
            "dry": -100.0,
            "envelope-boost": "None",
            "input-gain": 0.0,
            "output-gain": 0.0,
            "stereo-split": false,
            "wet": 0.0
        },
        "plugins_order": [
            "filter#0",
            "multiband_compressor#0",
            "limiter#0",
            "level_meter#0"
        ]
    }
}
