{
    "output": {
        "blocklist": [],
        "compressor#0": {
            "attack": 30.0,
            "boost-amount": 1.499999761581421,
            "boost-threshold": -60.0,
            "bypass": false,
            "dry": 0.0,
            "hpf-frequency": 200.0,
            "hpf-mode": "24 dB/oct",
            "input-gain": 0.0,
            "knee": -6.0,
            "lpf-frequency": 6000.0,
            "lpf-mode": "24 dB/oct",
            "makeup": 2.0,
            "mode": "Downward",
            "output-gain": -1.0,
            "ratio": 1.5,
            "release": 180.0,
            "release-threshold": -25.0,
            "sidechain": {
                "lookahead": 0.0,
                "mode": "RMS",
                "preamp": 0.0,
                "reactivity": 30.0,
                "source": "Middle",
                "stereo-split-source": "Left/Right",
                "type": "Feed-forward"
            },
            "stereo-split": false,
            "threshold": -14.0,
            "wet": -25.0
        },
        "filter#0": {
            "balance": 0.0,
            "bypass": false,
            "equal-mode": "IIR",
            "frequency": 18.0,
            "gain": 0.0,
            "input-gain": 0.0,
            "mode": "APO (DR)",
            "output-gain": 0.0,
            "quality": 0.8999999761581421,
            "slope": "x4",
            "type": "High-pass",
            "width": 4.0
        },
        "level_meter#0": {
            "bypass": false
        },
        "limiter#0": {
            "alr": false,
            "alr-attack": 3.0,
            "alr-knee": 0.0,
            "alr-release": 50.0,
            "attack": 1.0,
            "bypass": false,
            "dithering": "24bit",
            "external-sidechain": false,
            "gain-boost": false,
            "input-gain": 0.0,
            "lookahead": 8.0,
            "mode": "Herm Thin",
            "output-gain": 0.0,
            "oversampling": "Full x8(3L)",
            "release": 20.0,
            "sidechain-preamp": 0.0,
            "stereo-link": 100.0,
            "threshold": -2.8
        },
        "multiband_compressor#0": {
            "band0": {
                "attack-threshold": -40.0,
                "attack-time": 100.0,
                "boost-amount": 5.999999046325684,
                "boost-threshold": -72.0,
                "compression-mode": "Upward",
                "compressor-enable": true,
                "external-sidechain": false,
                "knee": 0.0,
                "makeup": 0.0,
                "mute": false,
                "ratio": 1.149999976158142,
                "release-threshold": -100.0,
                "release-time": 300.0,
                "sidechain-custom-highcut-filter": true,
                "sidechain-custom-lowcut-filter": true,
                "sidechain-highcut-frequency": 100.0,
                "sidechain-lookahead": 0.0,
                "sidechain-lowcut-frequency": 18.0,
                "sidechain-mode": "RMS",
                "sidechain-preamp": 0.0,
                "sidechain-reactivity": 10.0,
                "sidechain-source": "Middle",
                "solo": false,
                "stereo-split-source": "Left/Right"
            },
            "band1": {
                "attack-threshold": -20.0,
                "attack-time": 60.0,
                "boost-amount": 5.999999046325684,
                "boost-threshold": -72.0,
                "compression-mode": "Downward",
                "compressor-enable": true,
                "enable-band": true,
                "external-sidechain": false,
                "knee": -12.0,
                "makeup": 0.0,
                "mute": false,
                "ratio": 1.850000023841858,
                "release-threshold": -100.0,
                "release-time": 200.0,
                "sidechain-custom-highcut-filter": true,
                "sidechain-custom-lowcut-filter": true,
                "sidechain-highcut-frequency": 200.0,
                "sidechain-lookahead": 0.0,
                "sidechain-lowcut-frequency": 100.0,
                "sidechain-mode": "RMS",
                "sidechain-preamp": 0.0,
                "sidechain-reactivity": 10.0,
                "sidechain-source": "Middle",
                "solo": false,
                "split-frequency": 100.0,
                "stereo-split-source": "Left/Right"
            },
            "band2": {
                "attack-threshold": -18.0,
                "attack-time": 40.0,
                "boost-amount": 5.999999046325684,
                "boost-threshold": -72.0,
                "compression-mode": "Downward",
                "compressor-enable": true,
                "enable-band": true,
                "external-sidechain": false,
                "knee": -8.0,
                "makeup": 0.0,
                "mute": false,
                "ratio": 1.649999976158142,
                "release-threshold": -100.0,
                "release-time": 160.0,
                "sidechain-custom-highcut-filter": true,
                "sidechain-custom-lowcut-filter": true,
                "sidechain-highcut-frequency": 400.0,
                "sidechain-lookahead": 0.0,
                "sidechain-lowcut-frequency": 200.0,
                "sidechain-mode": "RMS",
                "sidechain-preamp": 0.0,
                "sidechain-reactivity": 10.0,
                "sidechain-source": "Middle",
                "solo": false,
                "split-frequency": 200.0,
                "stereo-split-source": "Left/Right"
            },
            "band3": {
                "attack-threshold": -16.0,
                "attack-time": 30.0,
                "boost-amount": 5.999999046325684,
                "boost-threshold": -72.0,
                "compression-mode": "Downward",
                "compressor-enable": true,
                "enable-band": true,
                "external-sidechain": false,
                "knee": -6.0,
                "makeup": 0.0,
                "mute": false,
                "ratio": 1.5499999523162842,
                "release-threshold": -100.0,
                "release-time": 140.0,
                "sidechain-custom-highcut-filter": true,
                "sidechain-custom-lowcut-filter": true,
                "sidechain-highcut-frequency": 800.0,
                "sidechain-lookahead": 0.0,
                "sidechain-lowcut-frequency": 400.0,
                "sidechain-mode": "RMS",
                "sidechain-preamp": 0.0,
                "sidechain-reactivity": 10.0,
                "sidechain-source": "Middle",
                "solo": false,
                "split-frequency": 400.0,
                "stereo-split-source": "Left/Right"
            },
            "band4": {
                "attack-threshold": -15.0,
                "attack-time": 25.0,
                "boost-amount": 5.999999046325684,
                "boost-threshold": -72.0,
                "compression-mode": "Downward",
                "compressor-enable": true,
                "enable-band": true,
                "external-sidechain": false,
                "knee": -3.999999761581421,
                "makeup": 0.0,
                "mute": false,
                "ratio": 1.4500000476837158,
                "release-threshold": -100.0,
                "release-time": 120.0,
                "sidechain-custom-highcut-filter": true,
                "sidechain-custom-lowcut-filter": true,
                "sidechain-highcut-frequency": 1600.0,
                "sidechain-lookahead": 0.0,
                "sidechain-lowcut-frequency": 800.0,
                "sidechain-mode": "RMS",
                "sidechain-preamp": 0.0,
                "sidechain-reactivity": 10.0,
                "sidechain-source": "Middle",
                "solo": false,
                "split-frequency": 800.0,
                "stereo-split-source": "Left/Right"
            },
            "band5": {
                "attack-threshold": -14.0,
                "attack-time": 20.0,
                "boost-amount": 5.999999046325684,
                "boost-threshold": -72.0,
                "compression-mode": "Downward",
                "compressor-enable": true,
                "enable-band": true,
                "external-sidechain": false,
                "knee": -3.0,
                "makeup": 0.0,
                "mute": false,
                "ratio": 1.350000023841858,
                "release-threshold": -100.0,
                "release-time": 100.0,
                "sidechain-custom-highcut-filter": true,
                "sidechain-custom-lowcut-filter": true,
                "sidechain-highcut-frequency": 3200.0,
                "sidechain-lookahead": 0.0,
                "sidechain-lowcut-frequency": 1600.0,
                "sidechain-mode": "RMS",
                "sidechain-preamp": 0.0,
                "sidechain-reactivity": 10.0,
                "sidechain-source": "Middle",
                "solo": false,
                "split-frequency": 1600.0,
                "stereo-split-source": "Left/Right"
            },
            "band6": {
                "attack-threshold": -30.0,
                "attack-time": 10.0,
                "boost-amount": 5.999999046325684,
                "boost-threshold": -72.0,
                "compression-mode": "Upward",
                "compressor-enable": true,
                "enable-band": true,
                "external-sidechain": false,
                "knee": -6.0,
                "makeup": 0.0,
                "mute": false,
                "ratio": 1.0399999618530273,
                "release-threshold": -100.0,
                "release-time": 80.0,
                "sidechain-custom-highcut-filter": true,
                "sidechain-custom-lowcut-filter": true,
                "sidechain-highcut-frequency": 8000.0,
                "sidechain-lookahead": 0.0,
                "sidechain-lowcut-frequency": 3200.0,
                "sidechain-mode": "RMS",
                "sidechain-preamp": 0.0,
                "sidechain-reactivity": 10.0,
                "sidechain-source": "Middle",
                "solo": false,
                "split-frequency": 3200.0,
                "stereo-split-source": "Left/Right"
            },
            "band7": {
                "attack-threshold": -32.0,
                "attack-time": 5.0,
                "boost-amount": 5.999999046325684,
                "boost-threshold": -72.0,
                "compression-mode": "Upward",
                "compressor-enable": true,
                "enable-band": true,
                "external-sidechain": false,
                "knee": -3.0,
                "makeup": 0.0,
                "mute": false,
                "ratio": 1.0299999713897705,
                "release-threshold": -100.0,
                "release-time": 60.0,
                "sidechain-custom-highcut-filter": true,
                "sidechain-custom-lowcut-filter": true,
                "sidechain-highcut-frequency": 20000.0,
                "sidechain-lookahead": 0.0,
                "sidechain-lowcut-frequency": 8000.0,
                "sidechain-mode": "RMS",
                "sidechain-preamp": 0.0,
                "sidechain-reactivity": 10.0,
                "sidechain-source": "Middle",
                "solo": false,
                "split-frequency": 8000.0,
                "stereo-split-source": "Left/Right"
            },
            "bypass": false,
            "compressor-mode": "Modern",
            "dry": -100.0,
            "envelope-boost": "None",
            "input-gain": 0.0,
            "output-gain": -0.3,
            "stereo-split": false,
            "wet": 0.0
        },
        "plugins_order": [
            "filter#0",
            "multiband_compressor#0",
            "compressor#0",
            "stereo_tools#0",
            "limiter#0",
            "level_meter#0"
        ],
        "stereo_tools#0": {
            "balance-in": 0.0,
            "balance-out": 0.0,
            "bypass": false,
            "delay": 0.0,
            "input-gain": 0.0,
            "middle-level": 1.0,
            "middle-panorama": 0.0,
            "mode": "LR > LR (Stereo Default)",
            "mutel": false,
            "muter": false,
            "output-gain": -1.0,
            "phasel": false,
            "phaser": false,
            "sc-level": 1.0,
            "side-balance": 0.0,
            "side-level": 0.9,
            "softclip": false,
            "stereo-base": 0.0,
            "stereo-phase": 0.0
        }
    }
}
