{
    "output": {
        "bass_enhancer": {
            "amount": 5.0,
            "blend": 0.0,
            "floor": 20.0,
            "floor-active": false,
            "harmonics": 8.5,
            "input-gain": 0.0,
            "output-gain": 0.0,
            "scope": 80.0
        },
        "blocklist": [],
        "convolver": {
            "input-gain": -2.0,
            "ir-width": 100,
            "kernel-name": "Razor Surround ((48k Z-Edition)) 2.Stereo +20 bass",
            "output-gain": 0.0
        },
        "crossfeed": {
            "fcut": 700,
            "feed": 4.5,
            "input-gain": 0.0,
            "output-gain": 0.0
        },
        "equalizer": {
            "input-gain": -2.0,
            "left": {
                "band0": {
                    "frequency": 32.0,
                    "gain": 4.0,
                    "mode": "RLC (BT)",
                    "mute": false,
                    "q": 1.504760237537245,
                    "slope": "x1",
                    "solo": false,
                    "type": "Bell"
                },
                "band1": {
                    "frequency": 64.0,
                    "gain": 2.0,
                    "mode": "RLC (BT)",
                    "mute": false,
                    "q": 1.5047602375372453,
                    "slope": "x1",
                    "solo": false,
                    "type": "Bell"
                },
                "band2": {
                    "frequency": 125.0,
                    "gain": 1.0,
                    "mode": "RLC (BT)",
                    "mute": false,
                    "q": 1.504760237537245,
                    "slope": "x1",
                    "solo": false,
                    "type": "Bell"
                },
                "band3": {
                    "frequency": 250.0,
                    "gain": 0.0,
                    "mode": "RLC (BT)",
                    "mute": false,
                    "q": 1.504760237537245,
                    "slope": "x1",
                    "solo": false,
                    "type": "Bell"
                },
                "band4": {
                    "frequency": 500.0,
                    "gain": -1.0,
                    "mode": "RLC (BT)",
                    "mute": false,
                    "q": 1.5047602375372453,
                    "slope": "x1",
                    "solo": false,
                    "type": "Bell"
                },
                "band5": {
                    "frequency": 1000.0,
                    "gain": -2.0,
                    "mode": "RLC (BT)",
                    "mute": false,
                    "q": 1.504760237537245,
                    "slope": "x1",
                    "solo": false,
                    "type": "Bell"
                },
                "band6": {
                    "frequency": 2000.0,
                    "gain": 0.0,
                    "mode": "RLC (BT)",
                    "mute": false,
                    "q": 1.5047602375372449,
                    "slope": "x1",
                    "solo": false,
                    "type": "Bell"
                },
                "band7": {
                    "frequency": 4000.0,
                    "gain": 2.0,
                    "mode": "RLC (BT)",
                    "mute": false,
                    "q": 1.5047602375372449,
                    "slope": "x1",
                    "solo": false,
                    "type": "Bell"
                },
                "band8": {
                    "frequency": 8000.0,
                    "gain": 3.0,
                    "mode": "RLC (BT)",
                    "mute": false,
                    "q": 1.5047602375372453,
                    "slope": "x1",
                    "solo": false,
                    "type": "Bell"
                },
                "band9": {
                    "frequency": 16000.0,
                    "gain": 3.0,
                    "mode": "RLC (BT)",
                    "mute": false,
                    "q": 1.504760237537245,
                    "slope": "x1",
                    "solo": false,
                    "type": "Bell"
                }
            },
            "mode": "IIR",
            "num-bands": 10,
            "output-gain": 0.0,
            "right": {
                "band0": {
                    "frequency": 32.0,
                    "gain": 4.0,
                    "mode": "RLC (BT)",
                    "mute": false,
                    "q": 1.504760237537245,
                    "slope": "x1",
                    "solo": false,
                    "type": "Bell"
                },
                "band1": {
                    "frequency": 64.0,
                    "gain": 2.0,
                    "mode": "RLC (BT)",
                    "mute": false,
                    "q": 1.5047602375372453,
                    "slope": "x1",
                    "solo": false,
                    "type": "Bell"
                },
                "band2": {
                    "frequency": 125.0,
                    "gain": 1.0,
                    "mode": "RLC (BT)",
                    "mute": false,
                    "q": 1.504760237537245,
                    "slope": "x1",
                    "solo": false,
                    "type": "Bell"
                },
                "band3": {
                    "frequency": 250.0,
                    "gain": 0.0,
                    "mode": "RLC (BT)",
                    "mute": false,
                    "q": 1.504760237537245,
                    "slope": "x1",
                    "solo": false,
                    "type": "Bell"
                },
                "band4": {
                    "frequency": 500.0,
                    "gain": -1.0,
                    "mode": "RLC (BT)",
                    "mute": false,
                    "q": 1.5047602375372453,
                    "slope": "x1",
                    "solo": false,
                    "type": "Bell"
                },
                "band5": {
                    "frequency": 1000.0,
                    "gain": -2.0,
                    "mode": "RLC (BT)",
                    "mute": false,
                    "q": 1.504760237537245,
                    "slope": "x1",
                    "solo": false,
                    "type": "Bell"
                },
                "band6": {
                    "frequency": 2000.0,
                    "gain": 0.0,
                    "mode": "RLC (BT)",
                    "mute": false,
                    "q": 1.5047602375372449,
                    "slope": "x1",
                    "solo": false,
                    "type": "Bell"
                },
                "band7": {
                    "frequency": 4000.0,
                    "gain": 2.0,
                    "mode": "RLC (BT)",
                    "mute": false,
                    "q": 1.5047602375372449,
                    "slope": "x1",
                    "solo": false,
                    "type": "Bell"
                },
                "band8": {
                    "frequency": 8000.0,
                    "gain": 3.0,
                    "mode": "RLC (BT)",
                    "mute": false,
                    "q": 1.5047602375372453,
                    "slope": "x1",
                    "solo": false,
                    "type": "Bell"
                },
                "band9": {
                    "frequency": 16000.0,
                    "gain": 3.0,
                    "mode": "RLC (BT)",
                    "mute": false,
                    "q": 1.504760237537245,
                    "slope": "x1",
                    "solo": false,
                    "type": "Bell"
                }
            },
            "split-channels": false
        },
        "maximizer": {
            "ceiling": 0.0,
            "release": 3.149999999999997,
            "threshold": -3.0000000000000013
        },
        "plugins_order": [
            "equalizer",
            "convolver",
            "bass_enhancer",
            "crossfeed",
            "maximizer"
        ]
    }
}
