{
    "output": {
        "bass_enhancer": {
            "amount": 0.0,
            "blend": 3.0,
            "floor": 20.0,
            "floor-active": true,
            "harmonics": 8.5,
            "input-gain": 0.0,
            "output-gain": 0.0,
            "scope": 100.0
        },
        "blocklist": [],
        "compressor": {
            "attack": 20.0,
            "boost-amount": 6.0,
            "boost-threshold": -72.0,
            "hpf-frequency": 10.0,
            "hpf-mode": "off",
            "input-gain": 0.0,
            "knee": -6.0,
            "lpf-frequency": 20000.0,
            "lpf-mode": "off",
            "makeup": 0.0,
            "mode": "Downward",
            "output-gain": 0.0,
            "ratio": 2.0,
            "release": 250.0,
            "release-threshold": -120.0,
            "sidechain": {
                "lookahead": 0.0,
                "mode": "RMS",
                "preamp": 0.0,
                "reactivity": 10.0,
                "source": "Middle",
                "type": "Feed-forward"
            },
            "threshold": -18.0
        },
        "convolver": {
            "input-gain": -4.0,
            "ir-width": 100,
            "kernel-path": "/home/sergio/.config/easyeffects/irs/Accudio ((48kHz Z.E.)) Earpods HIFI.irs",
            "output-gain": 0.0
        },
        "crossfeed": {
            "fcut": 700,
            "feed": 4.5,
            "input-gain": 0.0,
            "output-gain": 0.0
        },
        "equalizer": {
            "input-gain": 0.0,
            "left": {
                "band0": {
                    "frequency": 25.848931924611133,
                    "gain": 6.0,
                    "mode": "RLC (BT)",
                    "mute": false,
                    "q": 2.209713863811956,
                    "slope": "x1",
                    "solo": false,
                    "type": "Hi-shelf"
                },
                "band1": {
                    "frequency": 40.96779623970693,
                    "gain": 4.0,
                    "mode": "RLC (BT)",
                    "mute": false,
                    "q": 2.209713863811956,
                    "slope": "x1",
                    "solo": false,
                    "type": "Hi-shelf"
                },
                "band10": {
                    "frequency": 2584.8931924611115,
                    "gain": 2.0,
                    "mode": "RLC (BT)",
                    "mute": false,
                    "q": 2.209713863811956,
                    "slope": "x1",
                    "solo": false,
                    "type": "Hi-shelf"
                },
                "band11": {
                    "frequency": 4096.77962397069,
                    "gain": 4.0,
                    "mode": "RLC (BT)",
                    "mute": false,
                    "q": 2.209713863811956,
                    "slope": "x1",
                    "solo": false,
                    "type": "Hi-shelf"
                },
                "band12": {
                    "frequency": 6492.958137044547,
                    "gain": 6.0,
                    "mode": "RLC (BT)",
                    "mute": false,
                    "q": 2.21,
                    "slope": "x1",
                    "solo": false,
                    "type": "Hi-shelf"
                },
                "band13": {
                    "frequency": 10290.645150336895,
                    "gain": 4.0,
                    "mode": "RLC (BT)",
                    "mute": false,
                    "q": 2.209713863811956,
                    "slope": "x1",
                    "solo": false,
                    "type": "Hi-shelf"
                },
                "band14": {
                    "frequency": 16309.573444801914,
                    "gain": 2.0,
                    "mode": "RLC (BT)",
                    "mute": false,
                    "q": 2.209713863811955,
                    "slope": "x1",
                    "solo": false,
                    "type": "Hi-shelf"
                },
                "band2": {
                    "frequency": 64.9295813704455,
                    "gain": 3.0,
                    "mode": "RLC (BT)",
                    "mute": false,
                    "q": 2.2097138638119556,
                    "slope": "x1",
                    "solo": false,
                    "type": "Hi-shelf"
                },
                "band3": {
                    "frequency": 102.90645150336901,
                    "gain": 1.0,
                    "mode": "RLC (BT)",
                    "mute": false,
                    "q": 2.209713863811956,
                    "slope": "x1",
                    "solo": false,
                    "type": "Hi-shelf"
                },
                "band4": {
                    "frequency": 163.09573444801924,
                    "gain": 0.0,
                    "mode": "RLC (BT)",
                    "mute": false,
                    "q": 2.2097138638119556,
                    "slope": "x1",
                    "solo": false,
                    "type": "Hi-shelf"
                },
                "band5": {
                    "frequency": 258.4893192461112,
                    "gain": -1.0,
                    "mode": "RLC (BT)",
                    "mute": false,
                    "q": 2.209713863811955,
                    "slope": "x1",
                    "solo": false,
                    "type": "Hi-shelf"
                },
                "band6": {
                    "frequency": 409.67796239706917,
                    "gain": 1.0,
                    "mode": "RLC (BT)",
                    "mute": false,
                    "q": 2.2097138638119556,
                    "slope": "x1",
                    "solo": false,
                    "type": "Hi-shelf"
                },
                "band7": {
                    "frequency": 649.295813704455,
                    "gain": -1.0,
                    "mode": "RLC (BT)",
                    "mute": false,
                    "q": 2.2097138638119556,
                    "slope": "x1",
                    "solo": false,
                    "type": "Hi-shelf"
                },
                "band8": {
                    "frequency": 1029.06451503369,
                    "gain": 0.0,
                    "mode": "RLC (BT)",
                    "mute": false,
                    "q": 2.2097138638119556,
                    "slope": "x1",
                    "solo": false,
                    "type": "Hi-shelf"
                },
                "band9": {
                    "frequency": 1630.9573444801922,
                    "gain": 0.0,
                    "mode": "RLC (BT)",
                    "mute": false,
                    "q": 2.209713863811956,
                    "slope": "x1",
                    "solo": false,
                    "type": "Hi-shelf"
                }
            },
            "mode": "IIR",
            "num-bands": 15,
            "output-gain": 0.0,
            "right": {
                "band0": {
                    "frequency": 25.848931924611133,
                    "gain": 6.0,
                    "mode": "RLC (BT)",
                    "mute": false,
                    "q": 2.209713863811956,
                    "slope": "x1",
                    "solo": false,
                    "type": "Hi-shelf"
                },
                "band1": {
                    "frequency": 40.96779623970693,
                    "gain": 4.0,
                    "mode": "RLC (BT)",
                    "mute": false,
                    "q": 2.209713863811956,
                    "slope": "x1",
                    "solo": false,
                    "type": "Hi-shelf"
                },
                "band10": {
                    "frequency": 2584.8931924611115,
                    "gain": 2.0,
                    "mode": "RLC (BT)",
                    "mute": false,
                    "q": 2.209713863811956,
                    "slope": "x1",
                    "solo": false,
                    "type": "Hi-shelf"
                },
                "band11": {
                    "frequency": 4096.77962397069,
                    "gain": 4.0,
                    "mode": "RLC (BT)",
                    "mute": false,
                    "q": 2.209713863811956,
                    "slope": "x1",
                    "solo": false,
                    "type": "Hi-shelf"
                },
                "band12": {
                    "frequency": 6492.958137044547,
                    "gain": 6.0,
                    "mode": "RLC (BT)",
                    "mute": false,
                    "q": 2.21,
                    "slope": "x1",
                    "solo": false,
                    "type": "Hi-shelf"
                },
                "band13": {
                    "frequency": 10290.645150336895,
                    "gain": 4.0,
                    "mode": "RLC (BT)",
                    "mute": false,
                    "q": 2.209713863811956,
                    "slope": "x1",
                    "solo": false,
                    "type": "Hi-shelf"
                },
                "band14": {
                    "frequency": 16309.573444801914,
                    "gain": 2.0,
                    "mode": "RLC (BT)",
                    "mute": false,
                    "q": 2.209713863811955,
                    "slope": "x1",
                    "solo": false,
                    "type": "Hi-shelf"
                },
                "band2": {
                    "frequency": 64.9295813704455,
                    "gain": 3.0,
                    "mode": "RLC (BT)",
                    "mute": false,
                    "q": 2.2097138638119556,
                    "slope": "x1",
                    "solo": false,
                    "type": "Hi-shelf"
                },
                "band3": {
                    "frequency": 102.90645150336901,
                    "gain": 1.0,
                    "mode": "RLC (BT)",
                    "mute": false,
                    "q": 2.209713863811956,
                    "slope": "x1",
                    "solo": false,
                    "type": "Hi-shelf"
                },
                "band4": {
                    "frequency": 163.09573444801924,
                    "gain": 0.0,
                    "mode": "RLC (BT)",
                    "mute": false,
                    "q": 2.2097138638119556,
                    "slope": "x1",
                    "solo": false,
                    "type": "Hi-shelf"
                },
                "band5": {
                    "frequency": 258.4893192461112,
                    "gain": -1.0,
                    "mode": "RLC (BT)",
                    "mute": false,
                    "q": 2.209713863811955,
                    "slope": "x1",
                    "solo": false,
                    "type": "Hi-shelf"
                },
                "band6": {
                    "frequency": 409.67796239706917,
                    "gain": 1.0,
                    "mode": "RLC (BT)",
                    "mute": false,
                    "q": 2.2097138638119556,
                    "slope": "x1",
                    "solo": false,
                    "type": "Hi-shelf"
                },
                "band7": {
                    "frequency": 649.295813704455,
                    "gain": -1.0,
                    "mode": "RLC (BT)",
                    "mute": false,
                    "q": 2.2097138638119556,
                    "slope": "x1",
                    "solo": false,
                    "type": "Hi-shelf"
                },
                "band8": {
                    "frequency": 1029.06451503369,
                    "gain": 0.0,
                    "mode": "RLC (BT)",
                    "mute": false,
                    "q": 2.2097138638119556,
                    "slope": "x1",
                    "solo": false,
                    "type": "Hi-shelf"
                },
                "band9": {
                    "frequency": 1630.9573444801922,
                    "gain": 0.0,
                    "mode": "RLC (BT)",
                    "mute": false,
                    "q": 2.209713863811956,
                    "slope": "x1",
                    "solo": false,
                    "type": "Hi-shelf"
                }
            },
            "split-channels": false
        },
        "limiter": {
            "alr": false,
            "alr-attack": 5.0,
            "alr-knee": 0.0,
            "alr-release": 50.0,
            "attack": 5.0,
            "dithering": "None",
            "gain-boost": true,
            "input-gain": 0.0,
            "lookahead": 10.0,
            "mode": "Herm Thin",
            "output-gain": 0.0,
            "oversampling": "None",
            "release": 5.0,
            "sidechain-preamp": 0.0,
            "stereo-link": 100.0,
            "threshold": 0.0
        },
        "plugins_order": [
            "limiter",
            "convolver",
            "equalizer",
            "bass_enhancer",
            "compressor",
            "crossfeed"
        ]
    }
}
