{
    "output": {
        "bass_enhancer": {
            "amount": 2.9999999999999987,
            "blend": 0.0,
            "floor": 20.0,
            "floor-active": false,
            "harmonics": 8.499999999999998,
            "input-gain": 0.0,
            "output-gain": 0.0,
            "scope": 80.0
        },
        "blocklist": [],
        "compressor": {
            "attack": 130.0,
            "boost-amount": 6.0,
            "boost-threshold": -60.0,
            "hpf-frequency": 10.0,
            "hpf-mode": "off",
            "input-gain": 0.0,
            "knee": -23.9,
            "lpf-frequency": 20000.0,
            "lpf-mode": "off",
            "makeup": 0.0,
            "mode": "Upward",
            "output-gain": 0.0,
            "ratio": 5.0,
            "release": 600.0,
            "release-threshold": -120.0,
            "sidechain": {
                "lookahead": 0.0,
                "mode": "RMS",
                "preamp": 0.0,
                "reactivity": 10.0,
                "source": "Middle",
                "type": "Feed-forward"
            },
            "threshold": -10.0
        },
        "convolver": {
            "input-gain": 0.0,
            "ir-width": 100,
            "kernel-path": "/home/$USER/.config/easyeffects/irs/IRS.irs",
            "output-gain": 0.0
        },
        "gate": {
            "attack": 2000.0,
            "detection": "Peak",
            "input-gain": 0.0,
            "knee": 18.0,
            "makeup": 0.0,
            "output-gain": 0.0,
            "range": -30.0,
            "ratio": 2.0,
            "release": 2000.0,
            "stereo-link": "Average",
            "threshold": -50.0
        },
        "limiter": {
            "alr": false,
            "alr-attack": 5.0,
            "alr-knee": 0.0,
            "alr-release": 50.0,
            "attack": 5.0,
            "dithering": "None",
            "external-sidechain": false,
            "gain-boost": false,
            "input-gain": 0.0,
            "lookahead": 5.0,
            "mode": "Herm Thin",
            "output-gain": 0.0,
            "oversampling": "Half x4(3L)",
            "release": 10.0,
            "sidechain-preamp": 0.0,
            "stereo-link": 100.0,
            "threshold": -1.0
        },
        "multiband_compressor": {
            "band0": {
                "attack-threshold": -30.0,
                "attack-time": 50.0,
                "boost-amount": 6.0,
                "boost-threshold": -72.0,
                "compression-mode": "Downward",
                "compressor-enable": true,
                "external-sidechain": false,
                "knee": -24.0,
                "makeup": 0.0,
                "mute": false,
                "ratio": 1.7,
                "release-threshold": -120.0,
                "release-time": 600.0,
                "sidechain-custom-highcut-filter": false,
                "sidechain-custom-lowcut-filter": false,
                "sidechain-highcut-frequency": 250.0,
                "sidechain-lookahead": 0.0,
                "sidechain-lowcut-frequency": 10.0,
                "sidechain-mode": "RMS",
                "sidechain-preamp": 0.0,
                "sidechain-reactivity": 10.0,
                "sidechain-source": "Middle",
                "solo": false
            },
            "band1": {
                "attack-threshold": -30.0,
                "attack-time": 30.0,
                "boost-amount": 6.0,
                "boost-threshold": -72.0,
                "compression-mode": "Downward",
                "compressor-enable": true,
                "enable-band": true,
                "external-sidechain": false,
                "knee": -24.0,
                "makeup": 0.0,
                "mute": false,
                "ratio": 1.7,
                "release-threshold": -120.0,
                "release-time": 450.0,
                "sidechain-custom-highcut-filter": false,
                "sidechain-custom-lowcut-filter": false,
                "sidechain-highcut-frequency": 1250.0,
                "sidechain-lookahead": 0.0,
                "sidechain-lowcut-frequency": 250.0,
                "sidechain-mode": "RMS",
                "sidechain-preamp": 0.0,
                "sidechain-reactivity": 10.0,
                "sidechain-source": "Middle",
                "solo": false,
                "split-frequency": 250.0
            },
            "band2": {
                "attack-threshold": -30.0,
                "attack-time": 10.0,
                "boost-amount": 6.0,
                "boost-threshold": -72.0,
                "compression-mode": "Downward",
                "compressor-enable": true,
                "enable-band": true,
                "external-sidechain": false,
                "knee": -24.0,
                "makeup": 0.0,
                "mute": false,
                "ratio": 1.7,
                "release-threshold": -120.0,
                "release-time": 250.0,
                "sidechain-custom-highcut-filter": false,
                "sidechain-custom-lowcut-filter": false,
                "sidechain-highcut-frequency": 5000.0,
                "sidechain-lookahead": 0.0,
                "sidechain-lowcut-frequency": 1250.0,
                "sidechain-mode": "RMS",
                "sidechain-preamp": 0.0,
                "sidechain-reactivity": 10.0,
                "sidechain-source": "Middle",
                "solo": false,
                "split-frequency": 1250.0
            },
            "band3": {
                "attack-threshold": -30.0,
                "attack-time": 5.0,
                "boost-amount": 6.0,
                "boost-threshold": -72.0,
                "compression-mode": "Downward",
                "compressor-enable": true,
                "enable-band": true,
                "external-sidechain": false,
                "knee": -24.0,
                "makeup": 0.0,
                "mute": false,
                "ratio": 1.7,
                "release-threshold": -120.0,
                "release-time": 100.0,
                "sidechain-custom-highcut-filter": false,
                "sidechain-custom-lowcut-filter": false,
                "sidechain-highcut-frequency": 20000.0,
                "sidechain-lookahead": 0.0,
                "sidechain-lowcut-frequency": 5000.0,
                "sidechain-mode": "RMS",
                "sidechain-preamp": 0.0,
                "sidechain-reactivity": 10.0,
                "sidechain-source": "Middle",
                "solo": false,
                "split-frequency": 5000.0
            },
            "band4": {
                "attack-threshold": -12.0,
                "attack-time": 20.0,
                "boost-amount": 6.0,
                "boost-threshold": -72.0,
                "compression-mode": "Downward",
                "compressor-enable": true,
                "enable-band": false,
                "external-sidechain": false,
                "knee": -6.0,
                "makeup": 0.0,
                "mute": false,
                "ratio": 1.0,
                "release-threshold": -120.0,
                "release-time": 100.0,
                "sidechain-custom-highcut-filter": false,
                "sidechain-custom-lowcut-filter": false,
                "sidechain-highcut-frequency": 8000.0,
                "sidechain-lookahead": 0.0,
                "sidechain-lowcut-frequency": 4000.0,
                "sidechain-mode": "RMS",
                "sidechain-preamp": 0.0,
                "sidechain-reactivity": 10.0,
                "sidechain-source": "Middle",
                "solo": false,
                "split-frequency": 4000.0
            },
            "band5": {
                "attack-threshold": -12.0,
                "attack-time": 20.0,
                "boost-amount": 6.0,
                "boost-threshold": -72.0,
                "compression-mode": "Downward",
                "compressor-enable": true,
                "enable-band": false,
                "external-sidechain": false,
                "knee": -6.0,
                "makeup": 0.0,
                "mute": false,
                "ratio": 1.0,
                "release-threshold": -120.0,
                "release-time": 100.0,
                "sidechain-custom-highcut-filter": false,
                "sidechain-custom-lowcut-filter": false,
                "sidechain-highcut-frequency": 12000.0,
                "sidechain-lookahead": 0.0,
                "sidechain-lowcut-frequency": 8000.0,
                "sidechain-mode": "RMS",
                "sidechain-preamp": 0.0,
                "sidechain-reactivity": 10.0,
                "sidechain-source": "Middle",
                "solo": false,
                "split-frequency": 8000.0
            },
            "band6": {
                "attack-threshold": -12.0,
                "attack-time": 20.0,
                "boost-amount": 6.0,
                "boost-threshold": -72.0,
                "compression-mode": "Downward",
                "compressor-enable": true,
                "enable-band": false,
                "external-sidechain": false,
                "knee": -6.0,
                "makeup": 0.0,
                "mute": false,
                "ratio": 1.0,
                "release-threshold": -120.0,
                "release-time": 100.0,
                "sidechain-custom-highcut-filter": false,
                "sidechain-custom-lowcut-filter": false,
                "sidechain-highcut-frequency": 16000.0,
                "sidechain-lookahead": 0.0,
                "sidechain-lowcut-frequency": 12000.0,
                "sidechain-mode": "RMS",
                "sidechain-preamp": 0.0,
                "sidechain-reactivity": 10.0,
                "sidechain-source": "Middle",
                "solo": false,
                "split-frequency": 12000.0
            },
            "band7": {
                "attack-threshold": -12.0,
                "attack-time": 20.0,
                "boost-amount": 6.0,
                "boost-threshold": -72.0,
                "compression-mode": "Downward",
                "compressor-enable": true,
                "enable-band": false,
                "external-sidechain": false,
                "knee": -6.0,
                "makeup": 0.0,
                "mute": false,
                "ratio": 1.0,
                "release-threshold": -120.0,
                "release-time": 100.0,
                "sidechain-custom-highcut-filter": false,
                "sidechain-custom-lowcut-filter": false,
                "sidechain-highcut-frequency": 20000.0,
                "sidechain-lookahead": 0.0,
                "sidechain-lowcut-frequency": 16000.0,
                "sidechain-mode": "RMS",
                "sidechain-preamp": 0.0,
                "sidechain-reactivity": 10.0,
                "sidechain-source": "Middle",
                "solo": false,
                "split-frequency": 16000.0
            },
            "compressor-mode": "Modern",
            "envelope-boost": "None",
            "input-gain": 0.0,
            "output-gain": 0.0
        },
        "plugins_order": [
            "gate",
            "compressor",
            "multiband_compressor",
            "limiter",
            "convolver",
            "bass_enhancer"
        ]
    }
}
