{
    "output": {
        "bass_loudness#0": {
            "bypass": false,
            "input-gain": 0.0,
            "link": -9.0,
            "loudness": -3.3,
            "output": -7.0,
            "output-gain": 0.0
        },
        "blocklist": [],
        "equalizer#0": {
            "balance": 0.0,
            "bypass": false,
            "input-gain": 0.0,
            "left": {
                "band0": {
                    "frequency": 50.0,
                    "gain": 6.1,
                    "mode": "RLC (BT)",
                    "mute": false,
                    "q": 4.36,
                    "slope": "x1",
                    "solo": false,
                    "type": "Bell",
                    "width": 4.0
                },
                "band1": {
                    "frequency": 100.0,
                    "gain": 3.7,
                    "mode": "RLC (BT)",
                    "mute": false,
                    "q": 4.36,
                    "slope": "x1",
                    "solo": false,
                    "type": "Bell",
                    "width": 4.0
                },
                "band10": {
                    "frequency": 2500.0,
                    "gain": -2.7,
                    "mode": "RLC (BT)",
                    "mute": false,
                    "q": 4.36,
                    "slope": "x1",
                    "solo": false,
                    "type": "Bell",
                    "width": 4.0
                },
                "band11": {
                    "frequency": 3500.0,
                    "gain": -1.0,
                    "mode": "RLC (BT)",
                    "mute": false,
                    "q": 4.36,
                    "slope": "x1",
                    "solo": false,
                    "type": "Bell",
                    "width": 4.0
                },
                "band12": {
                    "frequency": 5000.0,
                    "gain": -1.3,
                    "mode": "RLC (BT)",
                    "mute": false,
                    "q": 4.36,
                    "slope": "x1",
                    "solo": false,
                    "type": "Bell",
                    "width": 4.0
                },
                "band13": {
                    "frequency": 10000.0,
                    "gain": 2.4,
                    "mode": "RLC (BT)",
                    "mute": false,
                    "q": 4.36,
                    "slope": "x1",
                    "solo": false,
                    "type": "Bell",
                    "width": 4.0
                },
                "band14": {
                    "frequency": 20000.0,
                    "gain": 5.7,
                    "mode": "RLC (BT)",
                    "mute": false,
                    "q": 4.36,
                    "slope": "x1",
                    "solo": false,
                    "type": "Bell",
                    "width": 4.0
                },
                "band2": {
                    "frequency": 156.0,
                    "gain": -2.0,
                    "mode": "RLC (BT)",
                    "mute": false,
                    "q": 4.36,
                    "slope": "x1",
                    "solo": false,
                    "type": "Bell",
                    "width": 4.0
                },
                "band3": {
                    "frequency": 222.0,
                    "gain": -3.7,
                    "mode": "RLC (BT)",
                    "mute": false,
                    "q": 4.36,
                    "slope": "x1",
                    "solo": false,
                    "type": "Bell",
                    "width": 4.0
                },
                "band4": {
                    "frequency": 311.0,
                    "gain": -5.0,
                    "mode": "RLC (BT)",
                    "mute": false,
                    "q": 4.36,
                    "slope": "x1",
                    "solo": false,
                    "type": "Bell",
                    "width": 4.0
                },
                "band5": {
                    "frequency": 440.0,
                    "gain": -10.0,
                    "mode": "RLC (BT)",
                    "mute": false,
                    "q": 4.36,
                    "slope": "x1",
                    "solo": false,
                    "type": "Bell",
                    "width": 4.0
                },
                "band6": {
                    "frequency": 622.0,
                    "gain": -11.5,
                    "mode": "RLC (BT)",
                    "mute": false,
                    "q": 4.36,
                    "slope": "x1",
                    "solo": false,
                    "type": "Bell",
                    "width": 4.0
                },
                "band7": {
                    "frequency": 880.0,
                    "gain": -11.5,
                    "mode": "RLC (BT)",
                    "mute": false,
                    "q": 4.36,
                    "slope": "x1",
                    "solo": false,
                    "type": "Bell",
                    "width": 4.0
                },
                "band8": {
                    "frequency": 1250.0,
                    "gain": -10.0,
                    "mode": "RLC (BT)",
                    "mute": false,
                    "q": 4.36,
                    "slope": "x1",
                    "solo": false,
                    "type": "Bell",
                    "width": 4.0
                },
                "band9": {
                    "frequency": 1750.0,
                    "gain": -5.0,
                    "mode": "RLC (BT)",
                    "mute": false,
                    "q": 4.36,
                    "slope": "x1",
                    "solo": false,
                    "type": "Bell",
                    "width": 4.0
                }
            },
            "mode": "IIR",
            "num-bands": 15,
            "output-gain": 0.0,
            "pitch-left": 0.0,
            "pitch-right": 0.0,
            "right": {
                "band0": {
                    "frequency": 50.0,
                    "gain": 6.1,
                    "mode": "RLC (BT)",
                    "mute": false,
                    "q": 4.36,
                    "slope": "x1",
                    "solo": false,
                    "type": "Bell",
                    "width": 4.0
                },
                "band1": {
                    "frequency": 100.0,
                    "gain": 3.7,
                    "mode": "RLC (BT)",
                    "mute": false,
                    "q": 4.36,
                    "slope": "x1",
                    "solo": false,
                    "type": "Bell",
                    "width": 4.0
                },
                "band10": {
                    "frequency": 2500.0,
                    "gain": -2.7,
                    "mode": "RLC (BT)",
                    "mute": false,
                    "q": 4.36,
                    "slope": "x1",
                    "solo": false,
                    "type": "Bell",
                    "width": 4.0
                },
                "band11": {
                    "frequency": 3500.0,
                    "gain": -1.0,
                    "mode": "RLC (BT)",
                    "mute": false,
                    "q": 4.36,
                    "slope": "x1",
                    "solo": false,
                    "type": "Bell",
                    "width": 4.0
                },
                "band12": {
                    "frequency": 5000.0,
                    "gain": -1.3,
                    "mode": "RLC (BT)",
                    "mute": false,
                    "q": 4.36,
                    "slope": "x1",
                    "solo": false,
                    "type": "Bell",
                    "width": 4.0
                },
                "band13": {
                    "frequency": 10000.0,
                    "gain": 2.4,
                    "mode": "RLC (BT)",
                    "mute": false,
                    "q": 4.36,
                    "slope": "x1",
                    "solo": false,
                    "type": "Bell",
                    "width": 4.0
                },
                "band14": {
                    "frequency": 20000.0,
                    "gain": 5.7,
                    "mode": "RLC (BT)",
                    "mute": false,
                    "q": 4.36,
                    "slope": "x1",
                    "solo": false,
                    "type": "Bell",
                    "width": 4.0
                },
                "band2": {
                    "frequency": 156.0,
                    "gain": -2.0,
                    "mode": "RLC (BT)",
                    "mute": false,
                    "q": 4.36,
                    "slope": "x1",
                    "solo": false,
                    "type": "Bell",
                    "width": 4.0
                },
                "band3": {
                    "frequency": 222.0,
                    "gain": -3.7,
                    "mode": "RLC (BT)",
                    "mute": false,
                    "q": 4.36,
                    "slope": "x1",
                    "solo": false,
                    "type": "Bell",
                    "width": 4.0
                },
                "band4": {
                    "frequency": 311.0,
                    "gain": -5.0,
                    "mode": "RLC (BT)",
                    "mute": false,
                    "q": 4.36,
                    "slope": "x1",
                    "solo": false,
                    "type": "Bell",
                    "width": 4.0
                },
                "band5": {
                    "frequency": 440.0,
                    "gain": -10.0,
                    "mode": "RLC (BT)",
                    "mute": false,
                    "q": 4.36,
                    "slope": "x1",
                    "solo": false,
                    "type": "Bell",
                    "width": 4.0
                },
                "band6": {
                    "frequency": 622.0,
                    "gain": -11.5,
                    "mode": "RLC (BT)",
                    "mute": false,
                    "q": 4.36,
                    "slope": "x1",
                    "solo": false,
                    "type": "Bell",
                    "width": 4.0
                },
                "band7": {
                    "frequency": 880.0,
                    "gain": -11.5,
                    "mode": "RLC (BT)",
                    "mute": false,
                    "q": 4.36,
                    "slope": "x1",
                    "solo": false,
                    "type": "Bell",
                    "width": 4.0
                },
                "band8": {
                    "frequency": 1250.0,
                    "gain": -10.0,
                    "mode": "RLC (BT)",
                    "mute": false,
                    "q": 4.36,
                    "slope": "x1",
                    "solo": false,
                    "type": "Bell",
                    "width": 4.0
                },
                "band9": {
                    "frequency": 1750.0,
                    "gain": -5.0,
                    "mode": "RLC (BT)",
                    "mute": false,
                    "q": 4.36,
                    "slope": "x1",
                    "solo": false,
                    "type": "Bell",
                    "width": 4.0
                }
            },
            "split-channels": false
        },
        "maximizer#0": {
            "bypass": false,
            "input-gain": 0.0,
            "output-gain": 0.0,
            "release": 25.0,
            "threshold": 0.0
        },
        "plugins_order": [
            "bass_loudness#0",
            "equalizer#0",
            "maximizer#0"
        ]
    }
}
