{
    "output": {
        "bass_loudness#1": {
            "bypass": false,
            "input-gain": 0.0,
            "link": -9.0,
            "loudness": -2.4,
            "output": -15.5,
            "output-gain": 0.0
        },
        "blocklist": [],
        "crystalizer#0": {
            "band0": {
                "bypass": false,
                "intensity": 3.0,
                "mute": false
            },
            "band1": {
                "bypass": false,
                "intensity": -1.0,
                "mute": false
            },
            "band10": {
                "bypass": false,
                "intensity": -6.0,
                "mute": false
            },
            "band11": {
                "bypass": false,
                "intensity": -8.0,
                "mute": false
            },
            "band12": {
                "bypass": false,
                "intensity": -13.0,
                "mute": false
            },
            "band2": {
                "bypass": false,
                "intensity": -3.0,
                "mute": false
            },
            "band3": {
                "bypass": false,
                "intensity": -2.0,
                "mute": false
            },
            "band4": {
                "bypass": false,
                "intensity": -1.0,
                "mute": false
            },
            "band5": {
                "bypass": false,
                "intensity": -2.0,
                "mute": false
            },
            "band6": {
                "bypass": false,
                "intensity": -6.0,
                "mute": false
            },
            "band7": {
                "bypass": false,
                "intensity": -8.0,
                "mute": false
            },
            "band8": {
                "bypass": false,
                "intensity": -7.0,
                "mute": false
            },
            "band9": {
                "bypass": false,
                "intensity": -5.0,
                "mute": false
            },
            "bypass": false,
            "input-gain": 0.0,
            "output-gain": 0.0
        },
        "delay#0": {
            "bypass": false,
            "dry-l": 0.0,
            "dry-r": 3.0,
            "input-gain": 0.0,
            "invert-phase-l": false,
            "invert-phase-r": true,
            "output-gain": 0.0,
            "time-l": 0.0,
            "time-r": 20.0,
            "wet-l": 9.0,
            "wet-r": 9.0
        },
        "equalizer#1": {
            "balance": 0.0,
            "bypass": false,
            "input-gain": 0.0,
            "left": {
                "band0": {
                    "frequency": 160.0,
                    "gain": 3.0,
                    "mode": "APO (DR)",
                    "mute": false,
                    "q": 1.5,
                    "slope": "x1",
                    "solo": false,
                    "type": "Lo-shelf",
                    "width": 1.0
                },
                "band1": {
                    "frequency": 250.0,
                    "gain": 3.0,
                    "mode": "APO (DR)",
                    "mute": false,
                    "q": 1.5,
                    "slope": "x1",
                    "solo": false,
                    "type": "Lo-shelf",
                    "width": 1.0
                },
                "band2": {
                    "frequency": 400.0,
                    "gain": 3.0,
                    "mode": "APO (DR)",
                    "mute": false,
                    "q": 1.5,
                    "slope": "x1",
                    "solo": false,
                    "type": "Lo-shelf",
                    "width": 1.0
                },
                "band3": {
                    "frequency": 650.0,
                    "gain": -1.0,
                    "mode": "APO (DR)",
                    "mute": false,
                    "q": 1.5,
                    "slope": "x2",
                    "solo": false,
                    "type": "Bell",
                    "width": 4.0
                },
                "band4": {
                    "frequency": 1000.0,
                    "gain": -7.0,
                    "mode": "APO (DR)",
                    "mute": false,
                    "q": 2.0,
                    "slope": "x2",
                    "solo": false,
                    "type": "Bell",
                    "width": 4.0
                },
                "band5": {
                    "frequency": 1600.0,
                    "gain": -3.0,
                    "mode": "APO (DR)",
                    "mute": false,
                    "q": 2.0,
                    "slope": "x2",
                    "solo": false,
                    "type": "Bell",
                    "width": 4.0
                },
                "band6": {
                    "frequency": 2600.0,
                    "gain": 2.0,
                    "mode": "APO (DR)",
                    "mute": false,
                    "q": 2.0,
                    "slope": "x3",
                    "solo": false,
                    "type": "Hi-shelf",
                    "width": 4.0
                },
                "band7": {
                    "frequency": 5500.0,
                    "gain": 3.0,
                    "mode": "APO (DR)",
                    "mute": false,
                    "q": 2.5,
                    "slope": "x3",
                    "solo": false,
                    "type": "Hi-shelf",
                    "width": 4.0
                },
                "band8": {
                    "frequency": 10000.0,
                    "gain": 2.0,
                    "mode": "APO (DR)",
                    "mute": false,
                    "q": 2.5,
                    "slope": "x4",
                    "solo": false,
                    "type": "Hi-shelf",
                    "width": 4.0
                },
                "band9": {
                    "frequency": 16000.0,
                    "gain": -1.0,
                    "mode": "APO (DR)",
                    "mute": false,
                    "q": 2.5,
                    "slope": "x4",
                    "solo": false,
                    "type": "Hi-shelf",
                    "width": 4.0
                }
            },
            "mode": "IIR",
            "num-bands": 10,
            "output-gain": 0.0,
            "pitch-left": 0.0,
            "pitch-right": 0.0,
            "right": {
                "band0": {
                    "frequency": 130.0,
                    "gain": 3.0,
                    "mode": "APO (DR)",
                    "mute": false,
                    "q": 1.5,
                    "slope": "x1",
                    "solo": false,
                    "type": "Lo-shelf",
                    "width": 1.0
                },
                "band1": {
                    "frequency": 200.0,
                    "gain": 3.0,
                    "mode": "APO (DR)",
                    "mute": false,
                    "q": 1.5,
                    "slope": "x1",
                    "solo": false,
                    "type": "Lo-shelf",
                    "width": 1.0
                },
                "band2": {
                    "frequency": 320.0,
                    "gain": 3.0,
                    "mode": "APO (DR)",
                    "mute": false,
                    "q": 1.5,
                    "slope": "x1",
                    "solo": false,
                    "type": "Lo-shelf",
                    "width": 1.0
                },
                "band3": {
                    "frequency": 520.0,
                    "gain": -1.0,
                    "mode": "APO (DR)",
                    "mute": false,
                    "q": 1.5,
                    "slope": "x2",
                    "solo": false,
                    "type": "Bell",
                    "width": 4.0
                },
                "band4": {
                    "frequency": 800.0,
                    "gain": -7.0,
                    "mode": "APO (DR)",
                    "mute": false,
                    "q": 2.0,
                    "slope": "x2",
                    "solo": false,
                    "type": "Bell",
                    "width": 4.0
                },
                "band5": {
                    "frequency": 1300.0,
                    "gain": -3.0,
                    "mode": "APO (DR)",
                    "mute": false,
                    "q": 2.0,
                    "slope": "x2",
                    "solo": false,
                    "type": "Bell",
                    "width": 4.0
                },
                "band6": {
                    "frequency": 2000.0,
                    "gain": 2.0,
                    "mode": "APO (DR)",
                    "mute": false,
                    "q": 2.0,
                    "slope": "x3",
                    "solo": false,
                    "type": "Hi-shelf",
                    "width": 4.0
                },
                "band7": {
                    "frequency": 4000.0,
                    "gain": 3.0,
                    "mode": "APO (DR)",
                    "mute": false,
                    "q": 2.5,
                    "slope": "x3",
                    "solo": false,
                    "type": "Hi-shelf",
                    "width": 4.0
                },
                "band8": {
                    "frequency": 7800.0,
                    "gain": 2.0,
                    "mode": "APO (DR)",
                    "mute": false,
                    "q": 2.5,
                    "slope": "x4",
                    "solo": false,
                    "type": "Hi-shelf",
                    "width": 4.0
                },
                "band9": {
                    "frequency": 13000.0,
                    "gain": -1.0,
                    "mode": "APO (DR)",
                    "mute": false,
                    "q": 2.5,
                    "slope": "x4",
                    "solo": false,
                    "type": "Hi-shelf",
                    "width": 4.0
                }
            },
            "split-channels": true
        },
        "maximizer#0": {
            "bypass": false,
            "input-gain": 0.0,
            "output-gain": 0.0,
            "release": 25.0,
            "threshold": 0.0
        },
        "multiband_compressor#0": {
            "band0": {
                "attack-threshold": -12.0,
                "attack-time": 0.0,
                "boost-amount": 6.0,
                "boost-threshold": -70.0,
                "compression-mode": "Upward",
                "compressor-enable": true,
                "external-sidechain": false,
                "knee": -7.0,
                "makeup": 0.0,
                "mute": false,
                "ratio": 2.0,
                "release-threshold": -100.0,
                "release-time": 200.0,
                "sidechain-custom-highcut-filter": false,
                "sidechain-custom-lowcut-filter": false,
                "sidechain-highcut-frequency": 500.0,
                "sidechain-lookahead": 0.0,
                "sidechain-lowcut-frequency": 20.0,
                "sidechain-mode": "RMS",
                "sidechain-preamp": 0.0,
                "sidechain-reactivity": 150.0,
                "sidechain-source": "Side",
                "solo": false,
                "stereo-split-source": "Left/Right"
            },
            "band1": {
                "attack-threshold": -12.0,
                "attack-time": 20.0,
                "boost-amount": 6.0,
                "boost-threshold": -72.0,
                "compression-mode": "Upward",
                "compressor-enable": true,
                "enable-band": true,
                "external-sidechain": false,
                "knee": -7.0,
                "makeup": -1.5,
                "mute": false,
                "ratio": 1.3,
                "release-threshold": -100.0,
                "release-time": 200.0,
                "sidechain-custom-highcut-filter": false,
                "sidechain-custom-lowcut-filter": false,
                "sidechain-highcut-frequency": 1000.0,
                "sidechain-lookahead": 0.0,
                "sidechain-lowcut-frequency": 500.0,
                "sidechain-mode": "RMS",
                "sidechain-preamp": 0.0,
                "sidechain-reactivity": 10.0,
                "sidechain-source": "Middle",
                "solo": false,
                "split-frequency": 500.0,
                "stereo-split-source": "Right/Left"
            },
            "band2": {
                "attack-threshold": -12.0,
                "attack-time": 20.0,
                "boost-amount": 6.0,
                "boost-threshold": -72.0,
                "compression-mode": "Upward",
                "compressor-enable": true,
                "enable-band": true,
                "external-sidechain": false,
                "knee": -7.0,
                "makeup": 2.0,
                "mute": false,
                "ratio": 1.3,
                "release-threshold": -100.0,
                "release-time": 200.0,
                "sidechain-custom-highcut-filter": false,
                "sidechain-custom-lowcut-filter": false,
                "sidechain-highcut-frequency": 2000.0,
                "sidechain-lookahead": 0.0,
                "sidechain-lowcut-frequency": 1000.0,
                "sidechain-mode": "RMS",
                "sidechain-preamp": 0.0,
                "sidechain-reactivity": 10.0,
                "sidechain-source": "Middle",
                "solo": false,
                "split-frequency": 1000.0,
                "stereo-split-source": "Left/Right"
            },
            "band3": {
                "attack-threshold": -12.0,
                "attack-time": 20.0,
                "boost-amount": 6.0,
                "boost-threshold": -72.0,
                "compression-mode": "Upward",
                "compressor-enable": true,
                "enable-band": true,
                "external-sidechain": false,
                "knee": -7.0,
                "makeup": 0.0,
                "mute": false,
                "ratio": 1.3,
                "release-threshold": -100.0,
                "release-time": 200.0,
                "sidechain-custom-highcut-filter": false,
                "sidechain-custom-lowcut-filter": false,
                "sidechain-highcut-frequency": 4000.0,
                "sidechain-lookahead": 0.0,
                "sidechain-lowcut-frequency": 2000.0,
                "sidechain-mode": "RMS",
                "sidechain-preamp": 0.0,
                "sidechain-reactivity": 10.0,
                "sidechain-source": "Middle",
                "solo": false,
                "split-frequency": 2000.0,
                "stereo-split-source": "Left/Right"
            },
            "band4": {
                "attack-threshold": -12.0,
                "attack-time": 20.0,
                "boost-amount": 6.0,
                "boost-threshold": -72.0,
                "compression-mode": "Upward",
                "compressor-enable": true,
                "enable-band": true,
                "external-sidechain": false,
                "knee": -7.0,
                "makeup": 0.5,
                "mute": false,
                "ratio": 1.3,
                "release-threshold": -100.0,
                "release-time": 200.0,
                "sidechain-custom-highcut-filter": false,
                "sidechain-custom-lowcut-filter": false,
                "sidechain-highcut-frequency": 8000.0,
                "sidechain-lookahead": 0.0,
                "sidechain-lowcut-frequency": 4000.0,
                "sidechain-mode": "RMS",
                "sidechain-preamp": 0.0,
                "sidechain-reactivity": 10.0,
                "sidechain-source": "Middle",
                "solo": false,
                "split-frequency": 4000.0,
                "stereo-split-source": "Left/Right"
            },
            "band5": {
                "attack-threshold": -12.0,
                "attack-time": 20.0,
                "boost-amount": 6.0,
                "boost-threshold": -72.0,
                "compression-mode": "Upward",
                "compressor-enable": true,
                "enable-band": true,
                "external-sidechain": false,
                "knee": -7.0,
                "makeup": -2.5,
                "mute": false,
                "ratio": 1.3,
                "release-threshold": -100.0,
                "release-time": 200.0,
                "sidechain-custom-highcut-filter": false,
                "sidechain-custom-lowcut-filter": false,
                "sidechain-highcut-frequency": 12000.0,
                "sidechain-lookahead": 0.0,
                "sidechain-lowcut-frequency": 8000.0,
                "sidechain-mode": "RMS",
                "sidechain-preamp": 0.0,
                "sidechain-reactivity": 10.0,
                "sidechain-source": "Middle",
                "solo": false,
                "split-frequency": 8000.0,
                "stereo-split-source": "Left/Right"
            },
            "band6": {
                "attack-threshold": -12.0,
                "attack-time": 20.0,
                "boost-amount": 6.0,
                "boost-threshold": -72.0,
                "compression-mode": "Upward",
                "compressor-enable": true,
                "enable-band": true,
                "external-sidechain": false,
                "knee": -7.0,
                "makeup": -0.5,
                "mute": false,
                "ratio": 1.3,
                "release-threshold": -100.0,
                "release-time": 200.0,
                "sidechain-custom-highcut-filter": false,
                "sidechain-custom-lowcut-filter": false,
                "sidechain-highcut-frequency": 16000.0,
                "sidechain-lookahead": 0.0,
                "sidechain-lowcut-frequency": 12000.0,
                "sidechain-mode": "RMS",
                "sidechain-preamp": 0.0,
                "sidechain-reactivity": 10.0,
                "sidechain-source": "Middle",
                "solo": false,
                "split-frequency": 12000.0,
                "stereo-split-source": "Left/Right"
            },
            "band7": {
                "attack-threshold": -12.0,
                "attack-time": 20.0,
                "boost-amount": 6.0,
                "boost-threshold": -72.0,
                "compression-mode": "Upward",
                "compressor-enable": true,
                "enable-band": true,
                "external-sidechain": false,
                "knee": -7.0,
                "makeup": -1.0,
                "mute": false,
                "ratio": 1.3,
                "release-threshold": -100.0,
                "release-time": 200.0,
                "sidechain-custom-highcut-filter": false,
                "sidechain-custom-lowcut-filter": false,
                "sidechain-highcut-frequency": 20000.0,
                "sidechain-lookahead": 0.0,
                "sidechain-lowcut-frequency": 16000.0,
                "sidechain-mode": "RMS",
                "sidechain-preamp": 0.0,
                "sidechain-reactivity": 10.0,
                "sidechain-source": "Middle",
                "solo": false,
                "split-frequency": 16000.0,
                "stereo-split-source": "Left/Right"
            },
            "bypass": false,
            "compressor-mode": "Modern",
            "dry": -100.0,
            "envelope-boost": "None",
            "input-gain": 0.0,
            "output-gain": 0.0,
            "stereo-split": true,
            "wet": 0.0
        },
        "plugins_order": [
            "bass_loudness#1",
            "delay#0",
            "equalizer#1",
            "multiband_compressor#0",
            "crystalizer#0",
            "maximizer#0"
        ]
    }
}
