{
    "output": {
        "autogain#0": {
            "bypass": false,
            "input-gain": 0.0,
            "maximum-history": 7,
            "output-gain": 0.0,
            "reference": "Geometric Mean (MSI)",
            "silence-threshold": -67.0,
            "target": -15.999999999999996
        },
        "bass_enhancer#0": {
            "amount": -1.942890293094024e-16,
            "blend": 0.0,
            "bypass": false,
            "floor": 20.0,
            "floor-active": true,
            "harmonics": 9.0,
            "input-gain": 0.0,
            "output-gain": 0.0,
            "scope": 100.0
        },
        "blocklist": [
            "redeclipse",
            "doomsday",
            "assaultcube",
            "kshisen",
            "Shisen-Sho"
        ],
        "crystalizer#0": {
            "band0": {
                "bypass": false,
                "intensity": 0.0,
                "mute": false
            },
            "band1": {
                "bypass": false,
                "intensity": 0.0,
                "mute": false
            },
            "band10": {
                "bypass": false,
                "intensity": -9.0,
                "mute": false
            },
            "band11": {
                "bypass": false,
                "intensity": -6.0,
                "mute": false
            },
            "band12": {
                "bypass": false,
                "intensity": -6.0,
                "mute": false
            },
            "band2": {
                "bypass": false,
                "intensity": 0.0,
                "mute": false
            },
            "band3": {
                "bypass": false,
                "intensity": 0.0,
                "mute": false
            },
            "band4": {
                "bypass": false,
                "intensity": 0.0,
                "mute": false
            },
            "band5": {
                "bypass": false,
                "intensity": -2.0,
                "mute": false
            },
            "band6": {
                "bypass": false,
                "intensity": -6.0,
                "mute": false
            },
            "band7": {
                "bypass": false,
                "intensity": -7.0,
                "mute": false
            },
            "band8": {
                "bypass": false,
                "intensity": -9.0,
                "mute": false
            },
            "band9": {
                "bypass": false,
                "intensity": -9.0,
                "mute": false
            },
            "bypass": false,
            "input-gain": 0.0,
            "output-gain": 0.0
        },
        "maximizer#0": {
            "bypass": false,
            "ceiling": 0.0,
            "input-gain": 0.0,
            "output-gain": 0.0,
            "release": 11.0,
            "threshold": -4.999999999999997
        },
        "plugins_order": [
            "autogain#0",
            "bass_enhancer#0",
            "crystalizer#0",
            "maximizer#0"
        ]
    }
}
