{
    "output": {
        "autogain#0": {
            "bypass": false,
            "input-gain": 1.0,
            "maximum-history": 7,
            "output-gain": 0.0,
            "reference": "Geometric Mean (SI)",
            "silence-threshold": -67.0,
            "target": -15.0
        },
        "blocklist": [
            "assaultcube",
            "doomsday",
            "kshisen",
            "redeclipse",
            "knetwalk"
        ],
        "compressor#0": {
            "attack": 7.0,
            "boost-amount": 1.0,
            "boost-threshold": -60.0,
            "bypass": false,
            "dry": -67.0,
            "hpf-frequency": 10.0,
            "hpf-mode": "off",
            "input-gain": 0.0,
            "knee": -3.0,
            "lpf-frequency": 20000.0,
            "lpf-mode": "off",
            "makeup": 1.0,
            "mode": "Downward",
            "output-gain": 0.0,
            "ratio": 3.5,
            "release": 67.0,
            "release-threshold": -67.0,
            "sidechain": {
                "lookahead": 4.200002670288086,
                "mode": "RMS",
                "preamp": 0.0,
                "reactivity": 4.199999809265137,
                "source": "Middle",
                "type": "Feed-forward"
            },
            "threshold": -12.0,
            "wet": 0.0
        },
        "maximizer#0": {
            "bypass": false,
            "ceiling": 0.0,
            "input-gain": 0.0,
            "output-gain": 0.0,
            "release": 42.0,
            "threshold": -5.999999999999994
        },
        "plugins_order": [
            "autogain#0",
            "compressor#0",
            "maximizer#0"
        ]
    }
}
