{
    "output": {
        "autogain#0": {
            "bypass": false,
            "input-gain": 1.0,
            "maximum-history": 7,
            "output-gain": 0.0,
            "reference": "Geometric Mean (SI)",
            "silence-threshold": -67.0,
            "target": -15.0
        },
        "blocklist": [
            "assaultcube",
            "doomsday",
            "kshisen",
            "redeclipse",
            "knetwalk"
        ],
        "compressor#0": {
            "attack": 7.0,
            "boost-amount": 0.9999999999999999,
            "boost-threshold": -60.0,
            "bypass": false,
            "dry": -99.99999999999994,
            "hpf-frequency": 10.0,
            "hpf-mode": "off",
            "input-gain": 1.0,
            "knee": -3.000000000000017,
            "lpf-frequency": 20000.0,
            "lpf-mode": "off",
            "makeup": 0.9999999999999983,
            "mode": "Downward",
            "output-gain": 1.0,
            "ratio": 3.0,
            "release": 84.0,
            "release-threshold": -66.99999999999983,
            "sidechain": {
                "lookahead": 7.0,
                "mode": "Uniform",
                "preamp": 0.0,
                "reactivity": 4.2,
                "source": "Middle",
                "type": "Feed-forward"
            },
            "threshold": -14.99999999999999,
            "wet": 0.0
        },
        "maximizer#0": {
            "bypass": false,
            "ceiling": 0.0,
            "input-gain": 0.0,
            "output-gain": 0.0,
            "release": 42.0,
            "threshold": -5.999999999999994
        },
        "plugins_order": [
            "stereo_tools#0",
            "autogain#0",
            "compressor#0",
            "maximizer#0"
        ],
        "stereo_tools#0": {
            "balance-in": 0.0,
            "balance-out": 0.0,
            "bypass": false,
            "delay": 0.0,
            "input-gain": 0.0,
            "middle-level": 0.0,
            "middle-panorama": 0.0,
            "mode": "LR > L+R (Mono Sum L+R)",
            "mutel": false,
            "muter": false,
            "output-gain": 6.0,
            "phasel": false,
            "phaser": false,
            "sc-level": 1.0,
            "side-balance": 0.0,
            "side-level": 0.0,
            "softclip": false,
            "stereo-base": 0.0,
            "stereo-phase": 0.0
        }
    }
}
