{
    "output": {
        "autogain#0": {
            "bypass": true,
            "input-gain": 0.0,
            "maximum-history": 15,
            "output-gain": 0.0,
            "reference": "Integrated",
            "silence-threshold": -70.0,
            "target": -10.0
        },
        "bass_enhancer#0": {
            "amount": -6.0,
            "blend": -10.0,
            "bypass": true,
            "floor": 116.0,
            "floor-active": true,
            "harmonics": 10.0,
            "input-gain": 0.0,
            "output-gain": 0.0,
            "scope": 233.0
        },
        "blocklist": [],
        "compressor#0": {
            "attack": 0.0,
            "boost-amount": 6.0,
            "boost-threshold": -72.0,
            "bypass": true,
            "dry": -100.0,
            "hpf-frequency": 10.0,
            "hpf-mode": "off",
            "input-gain": 0.0,
            "knee": 0.0,
            "lpf-frequency": 20000.0,
            "lpf-mode": "off",
            "makeup": 0.0,
            "mode": "Upward",
            "output-gain": 0.0,
            "ratio": 1.5,
            "release": 200.0,
            "release-threshold": -100.0,
            "sidechain": {
                "lookahead": 0.0,
                "mode": "RMS",
                "preamp": 0.0,
                "reactivity": 250.0,
                "source": "Middle",
                "stereo-split-source": "Left/Right",
                "type": "Feed-forward"
            },
            "stereo-split": true,
            "threshold": 0.0,
            "wet": 0.0
        },
        "crossfeed#0": {
            "bypass": true,
            "fcut": 1864,
            "feed": 6.0,
            "input-gain": 0.0,
            "output-gain": 0.0
        },
        "equalizer#0": {
            "balance": 0.0,
            "bypass": false,
            "input-gain": 0.0,
            "left": {
                "band0": {
                    "frequency": 138.0,
                    "gain": 18.0,
                    "mode": "LRX (BT)",
                    "mute": false,
                    "q": 0.0,
                    "slope": "x1",
                    "solo": false,
                    "type": "Lo-shelf",
                    "width": 4.0
                },
                "band1": {
                    "frequency": 4434.0,
                    "gain": -18.0,
                    "mode": "LRX (BT)",
                    "mute": false,
                    "q": 0.0,
                    "slope": "x1",
                    "solo": false,
                    "type": "Lo-shelf",
                    "width": 4.0
                }
            },
            "mode": "IIR",
            "num-bands": 2,
            "output-gain": 0.0,
            "pitch-left": 0.0,
            "pitch-right": 0.0,
            "right": {
                "band0": {
                    "frequency": 138.0,
                    "gain": 18.0,
                    "mode": "LRX (BT)",
                    "mute": false,
                    "q": 0.0,
                    "slope": "x1",
                    "solo": false,
                    "type": "Lo-shelf",
                    "width": 4.0
                },
                "band1": {
                    "frequency": 4434.0,
                    "gain": -18.0,
                    "mode": "LRX (BT)",
                    "mute": false,
                    "q": 0.0,
                    "slope": "x1",
                    "solo": false,
                    "type": "Lo-shelf",
                    "width": 4.0
                }
            },
            "split-channels": false
        },
        "equalizer#1": {
            "balance": 0.0,
            "bypass": true,
            "input-gain": 0.0,
            "left": {
                "band0": {
                    "frequency": 932.0,
                    "gain": 6.0,
                    "mode": "LRX (BT)",
                    "mute": false,
                    "q": 0.0,
                    "slope": "x4",
                    "solo": false,
                    "type": "Ladder-pass",
                    "width": 3.0
                }
            },
            "mode": "IIR",
            "num-bands": 1,
            "output-gain": 0.0,
            "pitch-left": 0.0,
            "pitch-right": 0.0,
            "right": {
                "band0": {
                    "frequency": 7458.0,
                    "gain": 6.0,
                    "mode": "LRX (BT)",
                    "mute": false,
                    "q": 0.0,
                    "slope": "x4",
                    "solo": false,
                    "type": "Ladder-pass",
                    "width": 3.0
                }
            },
            "split-channels": true
        },
        "equalizer#2": {
            "balance": 0.0,
            "bypass": true,
            "input-gain": 0.0,
            "left": {
                "band0": {
                    "frequency": 554.0,
                    "gain": 6.0,
                    "mode": "LRX (BT)",
                    "mute": false,
                    "q": 0.0,
                    "slope": "x4",
                    "solo": false,
                    "type": "Ladder-pass",
                    "width": 1.5
                },
                "band1": {
                    "frequency": 4434.0,
                    "gain": 6.0,
                    "mode": "LRX (BT)",
                    "mute": false,
                    "q": 0.0,
                    "slope": "x4",
                    "solo": false,
                    "type": "Ladder-pass",
                    "width": 1.5
                }
            },
            "mode": "IIR",
            "num-bands": 2,
            "output-gain": 0.0,
            "pitch-left": 0.0,
            "pitch-right": 0.0,
            "right": {
                "band0": {
                    "frequency": 1567.0,
                    "gain": 6.0,
                    "mode": "LRX (BT)",
                    "mute": false,
                    "q": 0.0,
                    "slope": "x4",
                    "solo": false,
                    "type": "Ladder-pass",
                    "width": 1.5
                },
                "band1": {
                    "frequency": 12543.0,
                    "gain": 6.0,
                    "mode": "LRX (BT)",
                    "mute": false,
                    "q": 0.0,
                    "slope": "x4",
                    "solo": false,
                    "type": "Ladder-pass",
                    "width": 1.5
                }
            },
            "split-channels": true
        },
        "equalizer#3": {
            "balance": 0.0,
            "bypass": true,
            "input-gain": 0.0,
            "left": {
                "band0": {
                    "frequency": 466.0,
                    "gain": 6.0,
                    "mode": "LRX (BT)",
                    "mute": false,
                    "q": 0.0,
                    "slope": "x4",
                    "solo": false,
                    "type": "Ladder-pass",
                    "width": 1.0
                },
                "band1": {
                    "frequency": 1864.0,
                    "gain": 6.0,
                    "mode": "LRX (BT)",
                    "mute": false,
                    "q": 0.0,
                    "slope": "x4",
                    "solo": false,
                    "type": "Ladder-pass",
                    "width": 1.0
                },
                "band2": {
                    "frequency": 7458.0,
                    "gain": 6.0,
                    "mode": "LRX (BT)",
                    "mute": false,
                    "q": 0.0,
                    "slope": "x4",
                    "solo": false,
                    "type": "Ladder-pass",
                    "width": 1.0
                }
            },
            "mode": "IIR",
            "num-bands": 3,
            "output-gain": 0.0,
            "pitch-left": 0.0,
            "pitch-right": 0.0,
            "right": {
                "band0": {
                    "frequency": 932.0,
                    "gain": 6.0,
                    "mode": "LRX (BT)",
                    "mute": false,
                    "q": 0.0,
                    "slope": "x4",
                    "solo": false,
                    "type": "Ladder-pass",
                    "width": 1.0
                },
                "band1": {
                    "frequency": 3729.0,
                    "gain": 6.0,
                    "mode": "LRX (BT)",
                    "mute": false,
                    "q": 0.0,
                    "slope": "x4",
                    "solo": false,
                    "type": "Ladder-pass",
                    "width": 1.0
                },
                "band2": {
                    "frequency": 14917.0,
                    "gain": 6.0,
                    "mode": "LRX (BT)",
                    "mute": false,
                    "q": 0.0,
                    "slope": "x4",
                    "solo": false,
                    "type": "Ladder-pass",
                    "width": 1.0
                }
            },
            "split-channels": true
        },
        "filter#0": {
            "balance": 0.0,
            "bypass": true,
            "equal-mode": "IIR",
            "frequency": 329.0,
            "gain": 0.0,
            "input-gain": 0.0,
            "mode": "LRX (BT)",
            "output-gain": 0.0,
            "quality": 0.0,
            "slope": "x4",
            "type": "High-pass",
            "width": 4.0
        },
        "level_meter#0": {
            "bypass": true
        },
        "limiter#0": {
            "alr": true,
            "alr-attack": 0.1,
            "alr-knee": 12.0,
            "alr-release": 1000.0,
            "attack": 5.0,
            "bypass": false,
            "dithering": "None",
            "external-sidechain": false,
            "gain-boost": true,
            "input-gain": 0.0,
            "lookahead": 5.0,
            "mode": "Herm Thin",
            "output-gain": 0.0,
            "oversampling": "None",
            "release": 5.0,
            "sidechain-preamp": 0.0,
            "stereo-link": 0.0,
            "threshold": 0.0
        },
        "multiband_compressor#0": {
            "band0": {
                "attack-threshold": 0.0,
                "attack-time": 0.0,
                "boost-amount": 6.0,
                "boost-threshold": -72.0,
                "compression-mode": "Upward",
                "compressor-enable": true,
                "external-sidechain": false,
                "knee": 0.0,
                "makeup": 0.0,
                "mute": false,
                "ratio": 1.2,
                "release-threshold": -100.0,
                "release-time": 100.0,
                "sidechain-custom-highcut-filter": false,
                "sidechain-custom-lowcut-filter": false,
                "sidechain-highcut-frequency": 500.0,
                "sidechain-lookahead": 0.0,
                "sidechain-lowcut-frequency": 10.0,
                "sidechain-mode": "RMS",
                "sidechain-preamp": 0.0,
                "sidechain-reactivity": 250.0,
                "sidechain-source": "Middle",
                "solo": false,
                "stereo-split-source": "Left/Right"
            },
            "band1": {
                "attack-threshold": 0.0,
                "attack-time": 0.0,
                "boost-amount": 6.0,
                "boost-threshold": -72.0,
                "compression-mode": "Upward",
                "compressor-enable": true,
                "enable-band": true,
                "external-sidechain": false,
                "knee": 0.0,
                "makeup": 0.0,
                "mute": false,
                "ratio": 1.2,
                "release-threshold": -100.0,
                "release-time": 100.0,
                "sidechain-custom-highcut-filter": false,
                "sidechain-custom-lowcut-filter": false,
                "sidechain-highcut-frequency": 1000.0,
                "sidechain-lookahead": 0.0,
                "sidechain-lowcut-frequency": 500.0,
                "sidechain-mode": "RMS",
                "sidechain-preamp": 0.0,
                "sidechain-reactivity": 250.0,
                "sidechain-source": "Middle",
                "solo": false,
                "split-frequency": 138.0,
                "stereo-split-source": "Left/Right"
            },
            "band2": {
                "attack-threshold": 0.0,
                "attack-time": 0.0,
                "boost-amount": 6.0,
                "boost-threshold": -72.0,
                "compression-mode": "Upward",
                "compressor-enable": true,
                "enable-band": true,
                "external-sidechain": false,
                "knee": 0.0,
                "makeup": 0.0,
                "mute": false,
                "ratio": 1.2,
                "release-threshold": -100.0,
                "release-time": 100.0,
                "sidechain-custom-highcut-filter": false,
                "sidechain-custom-lowcut-filter": false,
                "sidechain-highcut-frequency": 2000.0,
                "sidechain-lookahead": 0.0,
                "sidechain-lowcut-frequency": 1000.0,
                "sidechain-mode": "RMS",
                "sidechain-preamp": 0.0,
                "sidechain-reactivity": 250.0,
                "sidechain-source": "Middle",
                "solo": false,
                "split-frequency": 4434.0,
                "stereo-split-source": "Left/Right"
            },
            "band3": {
                "attack-threshold": -12.0,
                "attack-time": 20.0,
                "boost-amount": 6.0,
                "boost-threshold": -72.0,
                "compression-mode": "Downward",
                "compressor-enable": false,
                "enable-band": false,
                "external-sidechain": false,
                "knee": -6.0,
                "makeup": 0.0,
                "mute": false,
                "ratio": 1.0,
                "release-threshold": -100.0,
                "release-time": 100.0,
                "sidechain-custom-highcut-filter": false,
                "sidechain-custom-lowcut-filter": false,
                "sidechain-highcut-frequency": 4000.0,
                "sidechain-lookahead": 0.0,
                "sidechain-lowcut-frequency": 2000.0,
                "sidechain-mode": "RMS",
                "sidechain-preamp": 0.0,
                "sidechain-reactivity": 10.0,
                "sidechain-source": "Middle",
                "solo": false,
                "split-frequency": 2000.0,
                "stereo-split-source": "Left/Right"
            },
            "band4": {
                "attack-threshold": -12.0,
                "attack-time": 20.0,
                "boost-amount": 6.0,
                "boost-threshold": -72.0,
                "compression-mode": "Downward",
                "compressor-enable": false,
                "enable-band": false,
                "external-sidechain": false,
                "knee": -6.0,
                "makeup": 0.0,
                "mute": false,
                "ratio": 1.0,
                "release-threshold": -100.0,
                "release-time": 100.0,
                "sidechain-custom-highcut-filter": false,
                "sidechain-custom-lowcut-filter": false,
                "sidechain-highcut-frequency": 8000.0,
                "sidechain-lookahead": 0.0,
                "sidechain-lowcut-frequency": 4000.0,
                "sidechain-mode": "RMS",
                "sidechain-preamp": 0.0,
                "sidechain-reactivity": 10.0,
                "sidechain-source": "Middle",
                "solo": false,
                "split-frequency": 4000.0,
                "stereo-split-source": "Left/Right"
            },
            "band5": {
                "attack-threshold": -12.0,
                "attack-time": 20.0,
                "boost-amount": 6.0,
                "boost-threshold": -72.0,
                "compression-mode": "Downward",
                "compressor-enable": false,
                "enable-band": false,
                "external-sidechain": false,
                "knee": -6.0,
                "makeup": 0.0,
                "mute": false,
                "ratio": 1.0,
                "release-threshold": -100.0,
                "release-time": 100.0,
                "sidechain-custom-highcut-filter": false,
                "sidechain-custom-lowcut-filter": false,
                "sidechain-highcut-frequency": 12000.0,
                "sidechain-lookahead": 0.0,
                "sidechain-lowcut-frequency": 8000.0,
                "sidechain-mode": "RMS",
                "sidechain-preamp": 0.0,
                "sidechain-reactivity": 10.0,
                "sidechain-source": "Middle",
                "solo": false,
                "split-frequency": 8000.0,
                "stereo-split-source": "Left/Right"
            },
            "band6": {
                "attack-threshold": -12.0,
                "attack-time": 20.0,
                "boost-amount": 6.0,
                "boost-threshold": -72.0,
                "compression-mode": "Downward",
                "compressor-enable": false,
                "enable-band": false,
                "external-sidechain": false,
                "knee": -6.0,
                "makeup": 0.0,
                "mute": false,
                "ratio": 1.0,
                "release-threshold": -100.0,
                "release-time": 100.0,
                "sidechain-custom-highcut-filter": false,
                "sidechain-custom-lowcut-filter": false,
                "sidechain-highcut-frequency": 16000.0,
                "sidechain-lookahead": 0.0,
                "sidechain-lowcut-frequency": 12000.0,
                "sidechain-mode": "RMS",
                "sidechain-preamp": 0.0,
                "sidechain-reactivity": 10.0,
                "sidechain-source": "Middle",
                "solo": false,
                "split-frequency": 12000.0,
                "stereo-split-source": "Left/Right"
            },
            "band7": {
                "attack-threshold": -12.0,
                "attack-time": 20.0,
                "boost-amount": 6.0,
                "boost-threshold": -72.0,
                "compression-mode": "Downward",
                "compressor-enable": false,
                "enable-band": false,
                "external-sidechain": false,
                "knee": -6.0,
                "makeup": 0.0,
                "mute": false,
                "ratio": 1.0,
                "release-threshold": -100.0,
                "release-time": 100.0,
                "sidechain-custom-highcut-filter": false,
                "sidechain-custom-lowcut-filter": false,
                "sidechain-highcut-frequency": 20000.0,
                "sidechain-lookahead": 0.0,
                "sidechain-lowcut-frequency": 16000.0,
                "sidechain-mode": "RMS",
                "sidechain-preamp": 0.0,
                "sidechain-reactivity": 10.0,
                "sidechain-source": "Middle",
                "solo": false,
                "split-frequency": 16000.0,
                "stereo-split-source": "Left/Right"
            },
            "bypass": true,
            "compressor-mode": "Modern",
            "dry": -100.0,
            "envelope-boost": "None",
            "input-gain": 0.0,
            "output-gain": 0.0,
            "stereo-split": true,
            "wet": 0.0
        },
        "plugins_order": [
            "crossfeed#0",
            "equalizer#0",
            "bass_enhancer#0",
            "filter#0",
            "equalizer#1",
            "equalizer#2",
            "equalizer#3",
            "multiband_compressor#0",
            "compressor#0",
            "reverb#0",
            "stereo_tools#0",
            "autogain#0",
            "limiter#0",
            "level_meter#0"
        ],
        "reverb#0": {
            "amount": -6.0,
            "bass-cut": 196.0,
            "bypass": true,
            "decay-time": 0.4,
            "diffusion": 0.0,
            "dry": 0.0,
            "hf-damp": 12543.0,
            "input-gain": 0.0,
            "output-gain": 0.0,
            "predelay": 20.0,
            "room-size": "Large/smooth",
            "treble-cut": 12543.0
        },
        "stereo_tools#0": {
            "balance-in": 0.0,
            "balance-out": 0.0,
            "bypass": true,
            "delay": 20.0,
            "input-gain": 0.0,
            "middle-level": 0.0,
            "middle-panorama": 0.0,
            "mode": "LR > LR (Stereo Default)",
            "mutel": false,
            "muter": false,
            "output-gain": 0.0,
            "phasel": false,
            "phaser": true,
            "sc-level": 1.0,
            "side-balance": 0.0,
            "side-level": 0.0,
            "softclip": false,
            "stereo-base": 0.0,
            "stereo-phase": 0.0
        }
    }
}
