{
    "output": {
        "blocklist": [],
        "compressor": {
            "attack": 130.0,
            "boost-amount": 6.0,
            "boost-threshold": -60.0,
            "hpf-frequency": 10.0,
            "hpf-mode": "off",
            "input-gain": 0.0,
            "knee": -23.9,
            "lpf-frequency": 20000.0,
            "lpf-mode": "off",
            "makeup": 0.0,
            "mode": "Upward",
            "output-gain": 0.0,
            "ratio": 5.0,
            "release": 600.0,
            "release-threshold": -120.0,
            "sidechain": {
                "lookahead": 0.0,
                "mode": "RMS",
                "preamp": 0.0,
                "reactivity": 10.0,
                "source": "Middle",
                "type": "Feed-forward"
            },
            "threshold": -10.0
        },
        "equalizer": {
            "input-gain": 0.0,
            "left": {
                "band0": {
                    "frequency": 32.0,
                    "gain": 3.5,
                    "mode": "RLC (BT)",
                    "mute": false,
                    "q": 1.6,
                    "slope": "x1",
                    "solo": false,
                    "type": "Bell"
                },
                "band1": {
                    "frequency": 64.0,
                    "gain": 2.0,
                    "mode": "RLC (BT)",
                    "mute": false,
                    "q": 1.6,
                    "slope": "x1",
                    "solo": false,
                    "type": "Bell"
                },
                "band2": {
                    "frequency": 128.0,
                    "gain": 1.0,
                    "mode": "RLC (BT)",
                    "mute": false,
                    "q": 1.6,
                    "slope": "x1",
                    "solo": false,
                    "type": "Bell"
                },
                "band3": {
                    "frequency": 256.0,
                    "gain": 0.0,
                    "mode": "RLC (BT)",
                    "mute": false,
                    "q": 1.6,
                    "slope": "x1",
                    "solo": false,
                    "type": "Bell"
                },
                "band4": {
                    "frequency": 512.0,
                    "gain": -0.5,
                    "mode": "RLC (BT)",
                    "mute": false,
                    "q": 1.6,
                    "slope": "x1",
                    "solo": false,
                    "type": "Bell"
                },
                "band5": {
                    "frequency": 1024.0,
                    "gain": -1.5,
                    "mode": "RLC (BT)",
                    "mute": false,
                    "q": 1.6,
                    "slope": "x1",
                    "solo": false,
                    "type": "Bell"
                },
                "band6": {
                    "frequency": 2048.0,
                    "gain": -0.25,
                    "mode": "RLC (BT)",
                    "mute": false,
                    "q": 1.6,
                    "slope": "x1",
                    "solo": false,
                    "type": "Bell"
                },
                "band7": {
                    "frequency": 4096.0,
                    "gain": 1.25,
                    "mode": "RLC (BT)",
                    "mute": false,
                    "q": 1.6,
                    "slope": "x1",
                    "solo": false,
                    "type": "Bell"
                },
                "band8": {
                    "frequency": 8192.0,
                    "gain": 2.75,
                    "mode": "RLC (BT)",
                    "mute": false,
                    "q": 1.6,
                    "slope": "x1",
                    "solo": false,
                    "type": "Bell"
                },
                "band9": {
                    "frequency": 16384.0,
                    "gain": 3.0,
                    "mode": "RLC (BT)",
                    "mute": false,
                    "q": 1.6,
                    "slope": "x1",
                    "solo": false,
                    "type": "Bell"
                }
            },
            "mode": "IIR",
            "num-bands": 10,
            "output-gain": 0.0,
            "right": {
                "band0": {
                    "frequency": 32.0,
                    "gain": 3.5,
                    "mode": "RLC (BT)",
                    "mute": false,
                    "q": 1.6,
                    "slope": "x1",
                    "solo": false,
                    "type": "Bell"
                },
                "band1": {
                    "frequency": 64.0,
                    "gain": 2.0,
                    "mode": "RLC (BT)",
                    "mute": false,
                    "q": 1.6,
                    "slope": "x1",
                    "solo": false,
                    "type": "Bell"
                },
                "band2": {
                    "frequency": 128.0,
                    "gain": 1.0,
                    "mode": "RLC (BT)",
                    "mute": false,
                    "q": 1.6,
                    "slope": "x1",
                    "solo": false,
                    "type": "Bell"
                },
                "band3": {
                    "frequency": 256.0,
                    "gain": 0.0,
                    "mode": "RLC (BT)",
                    "mute": false,
                    "q": 1.6,
                    "slope": "x1",
                    "solo": false,
                    "type": "Bell"
                },
                "band4": {
                    "frequency": 512.0,
                    "gain": -0.5,
                    "mode": "RLC (BT)",
                    "mute": false,
                    "q": 1.6,
                    "slope": "x1",
                    "solo": false,
                    "type": "Bell"
                },
                "band5": {
                    "frequency": 1024.0,
                    "gain": -1.5,
                    "mode": "RLC (BT)",
                    "mute": false,
                    "q": 1.6,
                    "slope": "x1",
                    "solo": false,
                    "type": "Bell"
                },
                "band6": {
                    "frequency": 2048.0,
                    "gain": -0.25,
                    "mode": "RLC (BT)",
                    "mute": false,
                    "q": 1.6,
                    "slope": "x1",
                    "solo": false,
                    "type": "Bell"
                },
                "band7": {
                    "frequency": 4096.0,
                    "gain": 1.25,
                    "mode": "RLC (BT)",
                    "mute": false,
                    "q": 1.6,
                    "slope": "x1",
                    "solo": false,
                    "type": "Bell"
                },
                "band8": {
                    "frequency": 8192.0,
                    "gain": 2.75,
                    "mode": "RLC (BT)",
                    "mute": false,
                    "q": 1.6,
                    "slope": "x1",
                    "solo": false,
                    "type": "Bell"
                },
                "band9": {
                    "frequency": 16384.0,
                    "gain": 3.0,
                    "mode": "RLC (BT)",
                    "mute": false,
                    "q": 1.6,
                    "slope": "x1",
                    "solo": false,
                    "type": "Bell"
                }
            },
            "split-channels": false
        },
        "gate": {
            "attack": 2000.0,
            "detection": "Peak",
            "input-gain": 0.0,
            "knee": 18.0,
            "makeup": 0.0,
            "output-gain": 0.0,
            "range": -30.0,
            "ratio": 2.0,
            "release": 2000.0,
            "stereo-link": "Average",
            "threshold": -50.0
        },
        "limiter": {
            "alr": false,
            "attack": 5.0,
            "dithering": "None",
            "external-sidechain": false,
            "gain-boost": false,
            "input-gain": 0.0,
            "lookahead": 5.0,
            "mode": "Herm Thin",
            "output-gain": 0.0,
            "oversampling": "Half x4(3L)",
            "release": 10.0,
            "sidechain-preamp": 0.0,
            "stereo-link": 100.0,
            "threshold": -1.0
        },
        "multiband_compressor": {
            "band0": {
                "attack-threshold": -30.0,
                "attack-time": 50.0,
                "boost-amount": 6.0,
                "boost-threshold": -72.0,
                "compression-mode": "Downward",
                "compressor-enable": true,
                "external-sidechain": false,
                "knee": -24.0,
                "makeup": 0.0,
                "mute": false,
                "ratio": 1.7,
                "release-threshold": -120.0,
                "release-time": 600.0,
                "sidechain-custom-highcut-filter": false,
                "sidechain-custom-lowcut-filter": false,
                "sidechain-highcut-frequency": 250.0,
                "sidechain-lookahead": 0.0,
                "sidechain-lowcut-frequency": 10.0,
                "sidechain-mode": "RMS",
                "sidechain-preamp": 0.0,
                "sidechain-reactivity": 10.0,
                "sidechain-source": "Middle",
                "solo": false
            },
            "band1": {
                "attack-threshold": -30.0,
                "attack-time": 30.0,
                "boost-amount": 6.0,
                "boost-threshold": -72.0,
                "compression-mode": "Downward",
                "compressor-enable": true,
                "enable-band": true,
                "external-sidechain": false,
                "knee": -24.0,
                "makeup": 0.0,
                "mute": false,
                "ratio": 1.7,
                "release-threshold": -120.0,
                "release-time": 450.0,
                "sidechain-custom-highcut-filter": false,
                "sidechain-custom-lowcut-filter": false,
                "sidechain-highcut-frequency": 1250.0,
                "sidechain-lookahead": 0.0,
                "sidechain-lowcut-frequency": 250.0,
                "sidechain-mode": "RMS",
                "sidechain-preamp": 0.0,
                "sidechain-reactivity": 10.0,
                "sidechain-source": "Middle",
                "solo": false,
                "split-frequency": 250.0
            },
            "band2": {
                "attack-threshold": -30.0,
                "attack-time": 10.0,
                "boost-amount": 6.0,
                "boost-threshold": -72.0,
                "compression-mode": "Downward",
                "compressor-enable": true,
                "enable-band": true,
                "external-sidechain": false,
                "knee": -24.0,
                "makeup": 0.0,
                "mute": false,
                "ratio": 1.7,
                "release-threshold": -120.0,
                "release-time": 250.0,
                "sidechain-custom-highcut-filter": false,
                "sidechain-custom-lowcut-filter": false,
                "sidechain-highcut-frequency": 5000.0,
                "sidechain-lookahead": 0.0,
                "sidechain-lowcut-frequency": 1250.0,
                "sidechain-mode": "RMS",
                "sidechain-preamp": 0.0,
                "sidechain-reactivity": 10.0,
                "sidechain-source": "Middle",
                "solo": false,
                "split-frequency": 1250.0
            },
            "band3": {
                "attack-threshold": -30.0,
                "attack-time": 5.0,
                "boost-amount": 6.0,
                "boost-threshold": -72.0,
                "compression-mode": "Downward",
                "compressor-enable": true,
                "enable-band": true,
                "external-sidechain": false,
                "knee": -24.0,
                "makeup": 0.0,
                "mute": false,
                "ratio": 1.7,
                "release-threshold": -120.0,
                "release-time": 100.0,
                "sidechain-custom-highcut-filter": false,
                "sidechain-custom-lowcut-filter": false,
                "sidechain-highcut-frequency": 20000.0,
                "sidechain-lookahead": 0.0,
                "sidechain-lowcut-frequency": 5000.0,
                "sidechain-mode": "RMS",
                "sidechain-preamp": 0.0,
                "sidechain-reactivity": 10.0,
                "sidechain-source": "Middle",
                "solo": false,
                "split-frequency": 5000.0
            },
            "band4": {
                "enable-band": false
            },
            "band5": {
                "enable-band": false
            },
            "band6": {
                "enable-band": false
            },
            "band7": {
                "enable-band": false
            },
            "compressor-mode": "Modern",
            "envelope-boost": "None",
            "input-gain": 0.0,
            "output-gain": 0.0
        },
        "plugins_order": [
            "gate",
            "compressor",
            "multiband_compressor",
            "equalizer",
            "limiter"
        ]
    }
}
