{
    "output": {
        "blocklist": [],
        "compressor#0": {
            "attack": 130.0,
            "boost-amount": 6.0,
            "boost-threshold": -60.0,
            "bypass": false,
            "dry": -80.01,
            "hpf-frequency": 10.0,
            "hpf-mode": "Off",
            "input-gain": 0.0,
            "input-to-link": 0.0,
            "input-to-sidechain": 0.0,
            "knee": -24.0,
            "link-to-input": 0.0,
            "link-to-sidechain": 0.0,
            "lpf-frequency": 20000.0,
            "lpf-mode": "Off",
            "makeup": 0.0,
            "mode": "Upward",
            "output-gain": 0.0,
            "ratio": 5.0,
            "release": 600.0,
            "release-threshold": -80.01,
            "sidechain": {
                "lookahead": 0.0,
                "mode": "RMS",
                "preamp": 0.0,
                "reactivity": 10.0,
                "source": "Middle",
                "stereo-split-source": "Left/Right",
                "type": "Feed-forward"
            },
            "sidechain-to-input": 0.0,
            "sidechain-to-link": 0.0,
            "stereo-split": false,
            "threshold": -10.0,
            "wet": 0.0
        },
        "crystalizer#0": {
            "adaptive-intensity": false,
            "band0": {
                "bypass": false,
                "intensity": 0.0,
                "mute": false
            },
            "band1": {
                "bypass": false,
                "intensity": -1.0,
                "mute": false
            },
            "band10": {
                "bypass": false,
                "intensity": -10.0,
                "mute": false
            },
            "band11": {
                "bypass": false,
                "intensity": -12.0,
                "mute": false
            },
            "band12": {
                "bypass": false,
                "intensity": -14.0,
                "mute": false
            },
            "band2": {
                "bypass": false,
                "intensity": -2.0,
                "mute": false
            },
            "band3": {
                "bypass": false,
                "intensity": -3.0,
                "mute": false
            },
            "band4": {
                "bypass": false,
                "intensity": -4.0,
                "mute": false
            },
            "band5": {
                "bypass": false,
                "intensity": -5.0,
                "mute": false
            },
            "band6": {
                "bypass": false,
                "intensity": -6.0,
                "mute": false
            },
            "band7": {
                "bypass": false,
                "intensity": -7.0,
                "mute": false
            },
            "band8": {
                "bypass": false,
                "intensity": -8.0,
                "mute": false
            },
            "band9": {
                "bypass": false,
                "intensity": -9.0,
                "mute": false
            },
            "bypass": false,
            "input-gain": 0.0,
            "output-gain": 0.0,
            "oversampling": false,
            "oversampling-quality": 5.0
        },
        "equalizer#0": {
            "balance": 0.0,
            "bypass": false,
            "input-gain": 0.0,
            "left": {
                "band0": {
                    "frequency": 32.0,
                    "gain": 3.5,
                    "mode": "RLC (BT)",
                    "mute": false,
                    "q": 1.6,
                    "slope": "x1",
                    "solo": false,
                    "type": "Bell",
                    "width": 4.0
                },
                "band1": {
                    "frequency": 64.0,
                    "gain": 2.0,
                    "mode": "RLC (BT)",
                    "mute": false,
                    "q": 1.6,
                    "slope": "x1",
                    "solo": false,
                    "type": "Bell",
                    "width": 4.0
                },
                "band2": {
                    "frequency": 128.0,
                    "gain": 1.0,
                    "mode": "RLC (BT)",
                    "mute": false,
                    "q": 1.6,
                    "slope": "x1",
                    "solo": false,
                    "type": "Bell",
                    "width": 4.0
                },
                "band3": {
                    "frequency": 256.0,
                    "gain": 0.0,
                    "mode": "RLC (BT)",
                    "mute": false,
                    "q": 1.6,
                    "slope": "x1",
                    "solo": false,
                    "type": "Bell",
                    "width": 4.0
                },
                "band4": {
                    "frequency": 512.0,
                    "gain": -0.5,
                    "mode": "RLC (BT)",
                    "mute": false,
                    "q": 1.6,
                    "slope": "x1",
                    "solo": false,
                    "type": "Bell",
                    "width": 4.0
                },
                "band5": {
                    "frequency": 1024.0,
                    "gain": -1.5,
                    "mode": "RLC (BT)",
                    "mute": false,
                    "q": 1.6,
                    "slope": "x1",
                    "solo": false,
                    "type": "Bell",
                    "width": 4.0
                },
                "band6": {
                    "frequency": 2048.0,
                    "gain": -0.25,
                    "mode": "RLC (BT)",
                    "mute": false,
                    "q": 1.6,
                    "slope": "x1",
                    "solo": false,
                    "type": "Bell",
                    "width": 4.0
                },
                "band7": {
                    "frequency": 4096.0,
                    "gain": 1.25,
                    "mode": "RLC (BT)",
                    "mute": false,
                    "q": 1.6,
                    "slope": "x1",
                    "solo": false,
                    "type": "Bell",
                    "width": 4.0
                },
                "band8": {
                    "frequency": 8192.0,
                    "gain": 2.75,
                    "mode": "RLC (BT)",
                    "mute": false,
                    "q": 1.6,
                    "slope": "x1",
                    "solo": false,
                    "type": "Bell",
                    "width": 4.0
                },
                "band9": {
                    "frequency": 16384.0,
                    "gain": 3.0,
                    "mode": "RLC (BT)",
                    "mute": false,
                    "q": 1.6,
                    "slope": "x1",
                    "solo": false,
                    "type": "Bell",
                    "width": 4.0
                }
            },
            "mode": "IIR",
            "num-bands": 10,
            "output-gain": 0.0,
            "pitch-left": 0.0,
            "pitch-right": 0.0,
            "right": {
                "band0": {
                    "frequency": 32.0,
                    "gain": 3.5,
                    "mode": "RLC (BT)",
                    "mute": false,
                    "q": 1.6,
                    "slope": "x1",
                    "solo": false,
                    "type": "Bell",
                    "width": 4.0
                },
                "band1": {
                    "frequency": 64.0,
                    "gain": 2.0,
                    "mode": "RLC (BT)",
                    "mute": false,
                    "q": 1.6,
                    "slope": "x1",
                    "solo": false,
                    "type": "Bell",
                    "width": 4.0
                },
                "band2": {
                    "frequency": 128.0,
                    "gain": 1.0,
                    "mode": "RLC (BT)",
                    "mute": false,
                    "q": 1.6,
                    "slope": "x1",
                    "solo": false,
                    "type": "Bell",
                    "width": 4.0
                },
                "band3": {
                    "frequency": 256.0,
                    "gain": 0.0,
                    "mode": "RLC (BT)",
                    "mute": false,
                    "q": 1.6,
                    "slope": "x1",
                    "solo": false,
                    "type": "Bell",
                    "width": 4.0
                },
                "band4": {
                    "frequency": 512.0,
                    "gain": -0.5,
                    "mode": "RLC (BT)",
                    "mute": false,
                    "q": 1.6,
                    "slope": "x1",
                    "solo": false,
                    "type": "Bell",
                    "width": 4.0
                },
                "band5": {
                    "frequency": 1024.0,
                    "gain": -1.5,
                    "mode": "RLC (BT)",
                    "mute": false,
                    "q": 1.6,
                    "slope": "x1",
                    "solo": false,
                    "type": "Bell",
                    "width": 4.0
                },
                "band6": {
                    "frequency": 2048.0,
                    "gain": -0.25,
                    "mode": "RLC (BT)",
                    "mute": false,
                    "q": 1.6,
                    "slope": "x1",
                    "solo": false,
                    "type": "Bell",
                    "width": 4.0
                },
                "band7": {
                    "frequency": 4096.0,
                    "gain": 1.25,
                    "mode": "RLC (BT)",
                    "mute": false,
                    "q": 1.6,
                    "slope": "x1",
                    "solo": false,
                    "type": "Bell",
                    "width": 4.0
                },
                "band8": {
                    "frequency": 8192.0,
                    "gain": 2.75,
                    "mode": "RLC (BT)",
                    "mute": false,
                    "q": 1.6,
                    "slope": "x1",
                    "solo": false,
                    "type": "Bell",
                    "width": 4.0
                },
                "band9": {
                    "frequency": 16384.0,
                    "gain": 3.0,
                    "mode": "RLC (BT)",
                    "mute": false,
                    "q": 1.6,
                    "slope": "x1",
                    "solo": false,
                    "type": "Bell",
                    "width": 4.0
                }
            },
            "split-channels": false
        },
        "gate#0": {
            "attack": 2000.0,
            "bypass": false,
            "curve-threshold": -40.0,
            "curve-zone": -40.0,
            "dry": -80.01,
            "hpf-frequency": 10.0,
            "hpf-mode": "Off",
            "hysteresis": false,
            "hysteresis-threshold": -12.0,
            "hysteresis-zone": -6.0,
            "input-gain": 0.0,
            "input-to-link": 0.0,
            "input-to-sidechain": 0.0,
            "link-to-input": 0.0,
            "link-to-sidechain": 0.0,
            "lpf-frequency": 20000.0,
            "lpf-mode": "Off",
            "makeup": 0.0,
            "output-gain": 0.0,
            "reduction": -30.0,
            "release": 2000.0,
            "sidechain": {
                "lookahead": 0.0,
                "mode": "Peak",
                "preamp": 0.0,
                "reactivity": 10.0,
                "source": "Middle",
                "stereo-split-source": "Left/Right",
                "type": "Internal"
            },
            "sidechain-to-input": 0.0,
            "sidechain-to-link": 0.0,
            "stereo-split": false,
            "wet": 0.0
        },
        "limiter#0": {
            "alr": false,
            "alr-attack": 5.0,
            "alr-knee": 0.0,
            "alr-release": 50.0,
            "attack": 5.0,
            "bypass": false,
            "dithering": "None",
            "gain-boost": false,
            "input-gain": -2.0,
            "input-to-link": 0.0,
            "input-to-sidechain": 0.0,
            "link-to-input": 0.0,
            "link-to-sidechain": 0.0,
            "lookahead": 5.0,
            "mode": "Herm Thin",
            "output-gain": 0.0,
            "oversampling": "True Peak/16 bit",
            "release": 10.0,
            "sidechain-preamp": 0.0,
            "sidechain-to-input": 0.0,
            "sidechain-to-link": 0.0,
            "sidechain-type": "Internal",
            "stereo-link": 100.0,
            "threshold": -1.0
        },
        "multiband_compressor#0": {
            "band0": {
                "attack-threshold": -30.0,
                "attack-time": 50.0,
                "boost-amount": 6.0,
                "boost-threshold": -72.0,
                "compression-mode": "Downward",
                "compressor-enable": true,
                "knee": -24.0,
                "makeup": 0.0,
                "mute": false,
                "ratio": 1.7,
                "release-threshold": -80.01,
                "release-time": 600.0,
                "sidechain-custom-highcut-filter": false,
                "sidechain-custom-lowcut-filter": false,
                "sidechain-highcut-frequency": 250.0,
                "sidechain-lookahead": 0.0,
                "sidechain-lowcut-frequency": 10.0,
                "sidechain-mode": "RMS",
                "sidechain-preamp": 0.0,
                "sidechain-reactivity": 10.0,
                "sidechain-source": "Middle",
                "sidechain-type": "Internal",
                "solo": false,
                "stereo-split-source": "Left/Right"
            },
            "band1": {
                "attack-threshold": -30.0,
                "attack-time": 30.0,
                "boost-amount": 6.0,
                "boost-threshold": -72.0,
                "compression-mode": "Downward",
                "compressor-enable": true,
                "enable-band": true,
                "knee": -24.0,
                "makeup": 0.0,
                "mute": false,
                "ratio": 1.7,
                "release-threshold": -80.01,
                "release-time": 450.0,
                "sidechain-custom-highcut-filter": false,
                "sidechain-custom-lowcut-filter": false,
                "sidechain-highcut-frequency": 1250.0,
                "sidechain-lookahead": 0.0,
                "sidechain-lowcut-frequency": 250.0,
                "sidechain-mode": "RMS",
                "sidechain-preamp": 0.0,
                "sidechain-reactivity": 10.0,
                "sidechain-source": "Middle",
                "sidechain-type": "Internal",
                "solo": false,
                "split-frequency": 250.0,
                "stereo-split-source": "Left/Right"
            },
            "band2": {
                "attack-threshold": -30.0,
                "attack-time": 10.0,
                "boost-amount": 6.0,
                "boost-threshold": -72.0,
                "compression-mode": "Downward",
                "compressor-enable": true,
                "enable-band": true,
                "knee": -24.0,
                "makeup": 0.0,
                "mute": false,
                "ratio": 1.7,
                "release-threshold": -80.01,
                "release-time": 250.0,
                "sidechain-custom-highcut-filter": false,
                "sidechain-custom-lowcut-filter": false,
                "sidechain-highcut-frequency": 5000.0,
                "sidechain-lookahead": 0.0,
                "sidechain-lowcut-frequency": 1250.0,
                "sidechain-mode": "RMS",
                "sidechain-preamp": 0.0,
                "sidechain-reactivity": 10.0,
                "sidechain-source": "Middle",
                "sidechain-type": "Internal",
                "solo": false,
                "split-frequency": 1250.0,
                "stereo-split-source": "Left/Right"
            },
            "band3": {
                "attack-threshold": -30.0,
                "attack-time": 5.0,
                "boost-amount": 6.0,
                "boost-threshold": -72.0,
                "compression-mode": "Downward",
                "compressor-enable": true,
                "enable-band": true,
                "knee": -24.0,
                "makeup": 0.0,
                "mute": false,
                "ratio": 1.7,
                "release-threshold": -80.01,
                "release-time": 100.0,
                "sidechain-custom-highcut-filter": false,
                "sidechain-custom-lowcut-filter": false,
                "sidechain-highcut-frequency": 20000.0,
                "sidechain-lookahead": 0.0,
                "sidechain-lowcut-frequency": 5000.0,
                "sidechain-mode": "RMS",
                "sidechain-preamp": 0.0,
                "sidechain-reactivity": 10.0,
                "sidechain-source": "Middle",
                "sidechain-type": "Internal",
                "solo": false,
                "split-frequency": 5000.0,
                "stereo-split-source": "Left/Right"
            },
            "band4": {
                "attack-threshold": -12.0,
                "attack-time": 20.0,
                "boost-amount": 6.0,
                "boost-threshold": -72.0,
                "compression-mode": "Downward",
                "compressor-enable": true,
                "enable-band": false,
                "knee": -6.0,
                "makeup": 0.0,
                "mute": false,
                "ratio": 1.0,
                "release-threshold": -80.01,
                "release-time": 100.0,
                "sidechain-custom-highcut-filter": false,
                "sidechain-custom-lowcut-filter": false,
                "sidechain-highcut-frequency": 8000.0,
                "sidechain-lookahead": 0.0,
                "sidechain-lowcut-frequency": 4000.0,
                "sidechain-mode": "RMS",
                "sidechain-preamp": 0.0,
                "sidechain-reactivity": 10.0,
                "sidechain-source": "Middle",
                "sidechain-type": "Internal",
                "solo": false,
                "split-frequency": 4000.0,
                "stereo-split-source": "Left/Right"
            },
            "band5": {
                "attack-threshold": -12.0,
                "attack-time": 20.0,
                "boost-amount": 6.0,
                "boost-threshold": -72.0,
                "compression-mode": "Downward",
                "compressor-enable": true,
                "enable-band": false,
                "knee": -6.0,
                "makeup": 0.0,
                "mute": false,
                "ratio": 1.0,
                "release-threshold": -80.01,
                "release-time": 100.0,
                "sidechain-custom-highcut-filter": false,
                "sidechain-custom-lowcut-filter": false,
                "sidechain-highcut-frequency": 12000.0,
                "sidechain-lookahead": 0.0,
                "sidechain-lowcut-frequency": 8000.0,
                "sidechain-mode": "RMS",
                "sidechain-preamp": 0.0,
                "sidechain-reactivity": 10.0,
                "sidechain-source": "Middle",
                "sidechain-type": "Internal",
                "solo": false,
                "split-frequency": 8000.0,
                "stereo-split-source": "Left/Right"
            },
            "band6": {
                "attack-threshold": -12.0,
                "attack-time": 20.0,
                "boost-amount": 6.0,
                "boost-threshold": -72.0,
                "compression-mode": "Downward",
                "compressor-enable": true,
                "enable-band": false,
                "knee": -6.0,
                "makeup": 0.0,
                "mute": false,
                "ratio": 1.0,
                "release-threshold": -80.01,
                "release-time": 100.0,
                "sidechain-custom-highcut-filter": false,
                "sidechain-custom-lowcut-filter": false,
                "sidechain-highcut-frequency": 16000.0,
                "sidechain-lookahead": 0.0,
                "sidechain-lowcut-frequency": 12000.0,
                "sidechain-mode": "RMS",
                "sidechain-preamp": 0.0,
                "sidechain-reactivity": 10.0,
                "sidechain-source": "Middle",
                "sidechain-type": "Internal",
                "solo": false,
                "split-frequency": 12000.0,
                "stereo-split-source": "Left/Right"
            },
            "band7": {
                "attack-threshold": -12.0,
                "attack-time": 20.0,
                "boost-amount": 6.0,
                "boost-threshold": -72.0,
                "compression-mode": "Downward",
                "compressor-enable": true,
                "enable-band": false,
                "knee": -6.0,
                "makeup": 0.0,
                "mute": false,
                "ratio": 1.0,
                "release-threshold": -80.01,
                "release-time": 100.0,
                "sidechain-custom-highcut-filter": false,
                "sidechain-custom-lowcut-filter": false,
                "sidechain-highcut-frequency": 20000.0,
                "sidechain-lookahead": 0.0,
                "sidechain-lowcut-frequency": 16000.0,
                "sidechain-mode": "RMS",
                "sidechain-preamp": 0.0,
                "sidechain-reactivity": 10.0,
                "sidechain-source": "Middle",
                "sidechain-type": "Internal",
                "solo": false,
                "split-frequency": 16000.0,
                "stereo-split-source": "Left/Right"
            },
            "bypass": false,
            "compressor-mode": "Modern",
            "dry": -80.01,
            "envelope-boost": "None",
            "input-gain": 0.0,
            "input-to-link": 0.0,
            "input-to-sidechain": 0.0,
            "link-to-input": 0.0,
            "link-to-sidechain": 0.0,
            "output-gain": 0.0,
            "sidechain-to-input": 0.0,
            "sidechain-to-link": 0.0,
            "stereo-split": false,
            "wet": 0.0
        },
        "plugins_order": [
            "gate#0",
            "compressor#0",
            "multiband_compressor#0",
            "crystalizer#0",
            "equalizer#0",
            "limiter#0"
        ]
    }
}
